 ID-EVENTO;TITULO;PRECIO;GRATUITO;LARGA-DURACION;DIAS-SEMANA;DIAS-EXCLUIDOS;FECHA;FECHA-FIN;HORA;DESCRIPCION;CONTENT-URL;TITULO-ACTIVIDAD;URL-ACTIVIDAD;URL-INSTALACION;NOMBRE-INSTALACION;ACCESIBILIDAD-INSTALACION;CLASE-VIAL-INSTALACION;NOMBRE-VIA-INSTALACION;NUM-INSTALACION;DISTRITO-INSTALACION;BARRIO-INSTALACION;CODIGO-POSTAL-INSTALACION;COORDENADA-X;COORDENADA-Y;LATITUD;LONGITUD;TIPO;AUDIENCIA;
11230042;"Alfabetización informacional. Unidad 2: Sistema Operativo Windows10";"";"1";"1";"L,M,X,J";"";"2021-01-19 00:00:00.0";"2021-02-01 23:59:00.0";"";"La alfabetización informacional trata de dar a conocer los principales conceptos sobre el uso de las tecnologías de la información y la comunicación.   Los talleres se irán publicando en las fechas señaladas, a través del canal de Youtube de Bibliotecas Públicas y no es necesaria inscripción previa. Se podrá acceder a ellos, en cualquier momento después de su publicación, a través del enlace insertado en la relación de contenidos.  Esta unidad está compuesta por 8 clases, en las que se tratarán los siguientes contenidos:     Unidad 2. Sistema Operativo Windows 10       19 enero Sistemas Operativos. Windows. Iniciar el ordenador. Escritorio de Windows. Ventanas.    20 enero  Accesorios de Windows. Barra de tareas. Volumen del sistema. Cuadros de diálogos.   21 enero  Ratón. Teclado. Aplicaciones para practicar el teclado y el ratón.   25 enero  Personalización del sistema.    26 enero  Configuración de Windows. Panel de control.   27 enero  Explorador de Windows. Crear, renombrar, seleccionar, copiar, mover y eliminar archivos y carpetas. Dispositivos de almacenamiento. Comprimir y descomprimir archivos y carpetas.    28 enero  Herramientas del sistema.    1 febrero  Administración del sistema.";"http://www.madrid.es/sites/v/index.jsp?vgnextchannel=ca9671ee4a9eb410VgnVCM100000171f5a0aRCRD&vgnextoid=9fef0c13955b4710VgnVCM2000001f4a900aRCRD";"Alfabetización informacional: informática básica para adultos";"http://www.madrid.es/sites/v/index.jsp?vgnextchannel=ca9671ee4a9eb410VgnVCM100000171f5a0aRCRD&vgnextoid=9bbd0c13955b4710VgnVCM2000001f4a900aRCRD";"";"";"";"";"";"";"";"";"";"";"";"";"";"/contenido/actividades/CursosTalleres";"";
11230047;"Alfabetización informacional. Unidad 3: Procesamiento de información con herramientas ofimáticas.";"";"1";"1";"L,M,X,J,V";"19/2/2021;";"2021-02-02 00:00:00.0";"2021-02-25 23:59:00.0";"";"La alfabetización informacional trata de dar a conocer los principales conceptos sobre el uso de las tecnologías de la información y la comunicación. Los talleres se irán publicando en las fechas señaladas, a través del canal de Youtube de Bibliotecas Públicas y no es necesaria inscripción previa. Se podrá acceder a ellos, en cualquier momento después de su publicación, a través del enlace insertado en la relación de contenidos. Esta unidad está compuesta por 17 clases, en las que se tratarán los siguientes contenidos:      Unidad 3. Procesamiento de información con herramientas ofimáticas       2 febrero  Introducción al procesador de texto Microsoft Word    3 febrero  Ortografía y gramática. Aplicar formato al documento, búsqueda y reemplazar    4 febrero  Estilos, borrar formato, crear, modificar y borrar estilos, combinar correspondencia.    5 febrero  Diseño de página. Orientación, márgenes, tamaño, saltos de página, numeración, encabezado y pie de página    8 febrero  Insertar y dibujar tablas, insertar filas y columnas, combinar, aplicar estilos, alineación, propiedades de tablas    9 febrero  Insertar imágenes y gráficos (en línea y desde ordenador). Recortar, ajustes, efectos, bordes, organización, tamaño. Creación de   gráficos a partir de una tabla.   10 febrero  Organigramas y diagramas. Impresión de documentos   11 febrero  Microsoft Excel, características generales. Acceder y salir del Excel, ambiente de trabajo en Excel. Crear, guardar, abrir y cerrar un   libro. Renombrar y aplicar colores a las hojas. Celdas, filas, columnas y celda activa   12 febrero   Aplicar formato de celdas. Corrección de ortografía. Buscar y Reemplazar. Tablas en excel, tablas dinámicas. Referencias   15 febrero   Rangos, tipos de rangos, operaciones con rangos: mover, copiar y borrar el contenido de un rango   16 febrero   Cración de gráficos a partir de una tabla   17 febrero   Ordenar, filtrar y validar datos. Fórmulas y Funciones para cálculos matemáticos y estadísticos. Impresión   18 febrero   Power Point, características generales. Acceder y salir del PowerPoint, ambiente de trabajo. Crear, guardar, abrir y cerrar una   presentación. Teclas rápidas. Vistas presentación. Agregar, eliminar, añadir textos e hipervínculos y aplicar formato diapositivas   22 febrero   Insertar imágenes: capturas, en línea y desde el ordenador. Formas, gráficos, agrupar, reagrupar y desagrupar   23 febrero   Aplicar animaciones y transiciones.   24 febrero   Insertar audio y video a una presentación. Creación de tablas para presentación.   25 febrero   Realizar presentación de diapositivas. Agregar notas del orador. Impresión";"http://www.madrid.es/sites/v/index.jsp?vgnextchannel=ca9671ee4a9eb410VgnVCM100000171f5a0aRCRD&vgnextoid=43e00c13955b4710VgnVCM2000001f4a900aRCRD";"Alfabetización informacional: informática básica para adultos";"http://www.madrid.es/sites/v/index.jsp?vgnextchannel=ca9671ee4a9eb410VgnVCM100000171f5a0aRCRD&vgnextoid=9bbd0c13955b4710VgnVCM2000001f4a900aRCRD";"";"";"";"";"";"";"";"";"";"";"";"";"";"/contenido/actividades/CursosTalleres";"";
11230046;"Alfabetización informacional. Unidad 4: Intercambio y búsqueda de información a través de internet.";"";"1";"1";"L,M,X,J,V";"";"2021-03-01 00:00:00.0";"2021-03-15 23:59:00.0";"";"La alfabetización informacional trata de dar a conocer los principales conceptos sobre el uso de las tecnologías de la información y la comunicación.  Los talleres se irán publicando en las fechas señaladas, a través del canal de Youtube de Bibliotecas Públicas y no es necesaria inscripción previa. Se podrá acceder a ellos, en cualquier momento después de su publicación, a través del enlace insertado en la relación de contenidos. Esta unidad está compuesta por 11 clases, en las que se tratarán los siguientes contenidos:    Unidad 4. Intercambio y búsqueda de información en Internet     1 marzo Introducción a Internet, origen y evolución. Características, navegadores, buscadores, direcciones y dominios. Principales servicios de Internet   2 marzo Navegadores de Internet: Google Chrome, Mozilla Firefox, Microsoft Edge. Entorno, extensiones, configuración y marcadores   3 marzo Seguridad en Internet: Antivirus. Navegación segura para adultos y padres. Buscadores en Internet. Google Drive, Contactos, Calendar, Traductor de Google    4 marzo  Correo electrónico: crear, redactar, borradores, adjuntar archivos. Wetranfer. Gestores de descarga   5 marzo  Google Maps   8 marzo  Espacios culturales de Internet: visitas virtuales   9 marzo  Bibliotecas digitales. Webs con información histórica de Madrid. Uso del catálogo único de Bibliotecas Municipales de Madrid, uso de catálogo del Archivo de la Villa y de los museos en CERES   10 marzo  Gestiones a través de Internet: sacar citas, reservas, servicios de Ayuntamientos, movilidad, transporte, servicios sociales y salud    11 marzo  Búsqueda activa de empleo a través de Internet    12 marzo  Cultura, ocio y deporte a través de Internet: noticias, radio, YouTube, audio libros, pasatiempos y diversión, cultura, teatros, buscar descuentos   15 marzo Redes Sociales (Facebook, Twitter, Lindedin), blogs, foros y mensajería instantánea (Whatsapp y Telegram)";"http://www.madrid.es/sites/v/index.jsp?vgnextchannel=ca9671ee4a9eb410VgnVCM100000171f5a0aRCRD&vgnextoid=02c00c13955b4710VgnVCM2000001f4a900aRCRD";"Alfabetización informacional: informática básica para adultos";"http://www.madrid.es/sites/v/index.jsp?vgnextchannel=ca9671ee4a9eb410VgnVCM100000171f5a0aRCRD&vgnextoid=9bbd0c13955b4710VgnVCM2000001f4a900aRCRD";"";"";"";"";"";"";"";"";"";"";"";"";"";"/contenido/actividades/CursosTalleres";"";
11230045;"Alfabetización informacional. Unidad 5: Comunicación y configuración desde el movil.";"";"1";"1";"L,M,X,J";"1/4/2021;2/4/2021;29/3/2021;30/3/2021;31/3/2021;";"2021-03-16 00:00:00.0";"2021-04-08 23:59:00.0";"";"La alfabetización informacional trata de dar a conocer los principales conceptos sobre el uso de las tecnologías de la información y la comunicación. Los talleres se irán publicando en las fechas señaladas, a través del canal de Youtube de Bibliotecas Públicas y no es necesaria inscripción previa. Se podrá acceder a ellos, en cualquier momento después de su publicación, a través del enlace insertado en la relación de contenidos. Esta unidad está compuesta de 11 clases, en las que se tratarán los siguientes contenidos:    Unidad 5. Comunicación y configuración desde el móvil     16 marzo Dispositivo móvil (teléfonos inteligentes), características fundamentales, tarjetas, encendido, acceso, actualizaciones, contactos, tarjeta de memoria.   17 marzo Copia de seguridad de nuestros datos en el ordenador y copia de seguridad de fotos en la Nube   18 marzo Descargar, instalar y actualizar aplicaciones. Explorador de archivos. Crear, copiar, mover y eliminar archivos y carpetas   22 marzo  Cámara, grabadora de sonidos, bloquear contacto, lector códigos QR   23 marzo  Aplicación reloj. Tiempo meteorológico y noticias con nuestro Smartphone. Asistente de Google   24 marzo  Configuración del teléfono: conexiones (datos WiFi, Bluetooth), pantalla principal y fondos, sonidos, notificaciones, aplicaciones   25 marzo  Configuración del teléfono: batería, almacenamiento, seguridad, cuentas, restablecer de fábrica   5 abril  Aplicaciones de Google. Google Chrome, Google Calendar, Google Keep, Gmail, Drive. Video llamadas con Meet y Duo. Traductor. Fotos   6 abril  Mantenimiento y protección de nuestro móvil: aplicaciones de mantenimiento, herramientas de optimización: CCleaner y Clean Master   7 abril  Vídeos, películas, documentales, radio   8 abril Sugerencias de los alumnos";"http://www.madrid.es/sites/v/index.jsp?vgnextchannel=ca9671ee4a9eb410VgnVCM100000171f5a0aRCRD&vgnextoid=1a900c13955b4710VgnVCM2000001f4a900aRCRD";"Alfabetización informacional: informática básica para adultos";"http://www.madrid.es/sites/v/index.jsp?vgnextchannel=ca9671ee4a9eb410VgnVCM100000171f5a0aRCRD&vgnextoid=9bbd0c13955b4710VgnVCM2000001f4a900aRCRD";"";"";"";"";"";"";"";"";"";"";"";"";"";"/contenido/actividades/CursosTalleres";"";
11312746;"Amor a la línea";"";"1";"1";"L,M,X,J,V,S,D";"";"2021-01-11 00:00:00.0";"2021-03-30 23:59:00.0";"08:30";"";"http://www.madrid.es/sites/v/index.jsp?vgnextchannel=ca9671ee4a9eb410VgnVCM100000171f5a0aRCRD&vgnextoid=e9f3271de0447710VgnVCM2000001f4a900aRCRD";"";"";"http://www.madrid.es/sites/v/index.jsp?vgnextchannel=bfa48ab43d6bb410VgnVCM100000171f5a0aRCRD&vgnextoid=338879262ef5d010VgnVCM1000000b205a0aRCRD";"Biblioteca Pública Municipal José Hierro (San Blas-Canillejas)";"1,6";"CALLE";"MARIA SEVILLA DIAGO";"15";"SAN BLAS-CANILLEJAS";"ROSAS";"28022";"448214";"4476029";"40.433291625973624";"-3.6105662311927453";"/contenido/actividades/Exposiciones";"";
11289798;"Club de lectura en inglés 'Reading Club'";"";"1";"1";"L";"";"2021-01-18 00:00:00.0";"2021-04-26 23:59:00.0";"18:00";"";"http://www.madrid.es/sites/v/index.jsp?vgnextchannel=ca9671ee4a9eb410VgnVCM100000171f5a0aRCRD&vgnextoid=fb030e865e076710VgnVCM2000001f4a900aRCRD";"Club de lectura en inglés 'Reading Club'";"http://www.madrid.es/sites/v/index.jsp?vgnextchannel=ca9671ee4a9eb410VgnVCM100000171f5a0aRCRD&vgnextoid=50a20e865e076710VgnVCM2000001f4a900aRCRD";"";"";"";"";"";"";"";"";"";"";"";"";"";"/contenido/actividades/CursosTalleres";"";
11300028;"Cucú-tras para bebés";"";"1";"0";"";"";"2021-02-05 00:00:00.0";"2021-02-05 23:59:00.0";"18:00";"Este cuento trata sobre diferentes animales, para que los niños pueden identificarlos fácilmente, aprendiendo los nombres y los sonidos que emiten cada uno de ellos.  Lectura y dinamización para niños y niñas de 0 a 3 años. Actividad virtual. Imprescindible inscripción previa.";"http://www.madrid.es/sites/v/index.jsp?vgnextchannel=ca9671ee4a9eb410VgnVCM100000171f5a0aRCRD&vgnextoid=61ab423a231f6710VgnVCM2000001f4a900aRCRD";"Leyendo cuentos para bebés";"http://www.madrid.es/sites/v/index.jsp?vgnextchannel=ca9671ee4a9eb410VgnVCM100000171f5a0aRCRD&vgnextoid=95c1f500d625e510VgnVCM2000001f4a900aRCRD";"";"";"";"";"";"";"";"";"";"";"";"";"";"/contenido/actividades/CuentacuentosTiteresMarionetas";"/usuario/Niños";
11300231;"Cucú-tras para bebés";"";"1";"0";"";"";"2021-02-05 00:00:00.0";"2021-02-05 23:59:00.0";"19:00";"?Este cuento trata sobre diferentes animales, para que los niños pueden identificarlos fácilmente, aprendiendo los nombres y los sonidos que emiten cada uno de ellos.  Lectura y dinamización para niños y niñas de 0 a 3 años. Actividad virtual. Imprescindible inscripción previa.";"http://www.madrid.es/sites/v/index.jsp?vgnextchannel=ca9671ee4a9eb410VgnVCM100000171f5a0aRCRD&vgnextoid=2813423a231f6710VgnVCM2000001f4a900aRCRD";"Leyendo cuentos para bebés";"http://www.madrid.es/sites/v/index.jsp?vgnextchannel=ca9671ee4a9eb410VgnVCM100000171f5a0aRCRD&vgnextoid=95c1f500d625e510VgnVCM2000001f4a900aRCRD";"";"";"";"";"";"";"";"";"";"";"";"";"";"/contenido/actividades/CuentacuentosTiteresMarionetas";"/usuario/Niños";
11308372;"De 3 a 5 años: 'Alice in the Wonderland' and 'Snow White'";"";"1";"0";"";"";"2021-03-03 00:00:00.0";"2021-03-03 23:59:00.0";"18:00";"Lectura y dinamización de ambos cuentos. Para niños y niñas de 3 a 5 años. Actividad virtual. Imprescindible inscripción previa.";"http://www.madrid.es/sites/v/index.jsp?vgnextchannel=ca9671ee4a9eb410VgnVCM100000171f5a0aRCRD&vgnextoid=cabbd21461a37710VgnVCM1000001d4a900aRCRD";"Leyendo cuentos en inglés en enero";"http://www.madrid.es/sites/v/index.jsp?vgnextchannel=ca9671ee4a9eb410VgnVCM100000171f5a0aRCRD&vgnextoid=bcfc9fb522666710VgnVCM2000001f4a900aRCRD";"";"";"";"";"";"";"";"";"";"";"";"";"";"/contenido/actividades/CursosTalleres";"/usuario/Niños,/usuario/Familias";
11316045;"De 3 a 5 años: 'Alice in the Wonderland' and 'Snow White'";"";"1";"0";"";"";"2021-03-05 00:00:00.0";"2021-03-05 23:59:00.0";"18:00";"Lectura y dinamización de ambos cuentos. Para niños y niñas de 3 a 5 años. Actividad virtual. Imprescindible inscripción previa.";"http://www.madrid.es/sites/v/index.jsp?vgnextchannel=ca9671ee4a9eb410VgnVCM100000171f5a0aRCRD&vgnextoid=797d7d9841f47710VgnVCM1000001d4a900aRCRD";"Leyendo cuentos en inglés en enero";"http://www.madrid.es/sites/v/index.jsp?vgnextchannel=ca9671ee4a9eb410VgnVCM100000171f5a0aRCRD&vgnextoid=bcfc9fb522666710VgnVCM2000001f4a900aRCRD";"";"";"";"";"";"";"";"";"";"";"";"";"";"/contenido/actividades/CursosTalleres";"/usuario/Niños,/usuario/Familias";
11315998;"De 3 a 5 años: 'Alicia en el país de las Maravillas' y 'Blancanieves'";"";"1";"0";"";"";"2021-03-12 00:00:00.0";"2021-03-12 23:59:00.0";"18:00";"Lectura y dinamización de ambos cuentos. Para niños y niñas de 3 a 5 años. Actividad virtual. Imprescindible inscripción previa.";"http://www.madrid.es/sites/v/index.jsp?vgnextchannel=ca9671ee4a9eb410VgnVCM100000171f5a0aRCRD&vgnextoid=6c875aa8c5e47710VgnVCM1000001d4a900aRCRD";"Leyendo cuentos en marzo";"http://www.madrid.es/sites/v/index.jsp?vgnextchannel=ca9671ee4a9eb410VgnVCM100000171f5a0aRCRD&vgnextoid=1de61ca550156710VgnVCM2000001f4a900aRCRD";"";"";"";"";"";"";"";"";"";"";"";"";"";"/contenido/actividades/CursosTalleres";"/usuario/Niños";
11286377;"De 3 a 5 años: 'Alicia en el país de las Maravillas' y 'Blancanieves'";"";"1";"0";"";"";"2021-03-10 00:00:00.0";"2021-03-10 23:59:00.0";"18:00";"Lectura y dinamización de ambos cuentos. Para niños y niñas de 3 a 5 años. Actividad virtual. Imprescindible inscripción previa.";"http://www.madrid.es/sites/v/index.jsp?vgnextchannel=ca9671ee4a9eb410VgnVCM100000171f5a0aRCRD&vgnextoid=0cc7cc9316166710VgnVCM1000001d4a900aRCRD";"Leyendo cuentos en marzo";"http://www.madrid.es/sites/v/index.jsp?vgnextchannel=ca9671ee4a9eb410VgnVCM100000171f5a0aRCRD&vgnextoid=1de61ca550156710VgnVCM2000001f4a900aRCRD";"";"";"";"";"";"";"";"";"";"";"";"";"";"/contenido/actividades/CursosTalleres";"/usuario/Niños";
11304572;"De 3 a 5 años: 'El monstruo de los colores' y Una mosca muy lista'";"";"1";"0";"";"";"2021-02-25 00:00:00.0";"2021-02-25 23:59:00.0";"18:00";"Lectura y dinamización de ambos cuentos. Para niños y niñas de 3 a 5 años. Actividad virtual. Imprescindible inscripción previa.";"http://www.madrid.es/sites/v/index.jsp?vgnextchannel=ca9671ee4a9eb410VgnVCM100000171f5a0aRCRD&vgnextoid=8d60c7427ea17710VgnVCM2000001f4a900aRCRD";"";"";"";"";"";"";"";"";"";"";"";"";"";"";"";"/contenido/actividades/CursosTalleres";"/usuario/Niños";
11304571;"De 3 a 5 años: 'El monstruo de los colores' y Una mosca muy lista'";"";"1";"0";"";"";"2021-02-23 00:00:00.0";"2021-02-23 23:59:00.0";"18:00";"Lectura y dinamización de ambos cuentos. Para niños y niñas de 3 a 5 años. Actividad virtual. Imprescindible inscripción previa.";"http://www.madrid.es/sites/v/index.jsp?vgnextchannel=ca9671ee4a9eb410VgnVCM100000171f5a0aRCRD&vgnextoid=4b50c7427ea17710VgnVCM2000001f4a900aRCRD";"";"";"";"";"";"";"";"";"";"";"";"";"";"";"";"/contenido/actividades/CursosTalleres";"/usuario/Niños";
11305401;"De 3 a 5 años: 'El monstruo de los colores' y Una mosca muy lista'";"";"1";"0";"";"";"2021-02-11 00:00:00.0";"2021-02-11 23:59:00.0";"18:00";"Lectura y dinamización de ambos cuentos. Para niños y niñas de 3 a 5 años. Actividad virtual. Imprescindible inscripción previa.";"http://www.madrid.es/sites/v/index.jsp?vgnextchannel=ca9671ee4a9eb410VgnVCM100000171f5a0aRCRD&vgnextoid=1b06e363dbf17710VgnVCM2000001f4a900aRCRD";"";"";"";"";"";"";"";"";"";"";"";"";"";"";"";"/contenido/actividades/CursosTalleres";"/usuario/Niños";
11316000;"De 3 a 5 años: 'El Sastrecillo Valiente' y 'El Zapatero y los Duendes'";"";"1";"0";"";"";"2021-03-15 00:00:00.0";"2021-03-15 23:59:00.0";"18:00";"Lectura y dinamización de ambos cuentos. Para niños y niñas de 3 a 5 años. Actividad virtual. Imprescindible inscripción previa.";"http://www.madrid.es/sites/v/index.jsp?vgnextchannel=ca9671ee4a9eb410VgnVCM100000171f5a0aRCRD&vgnextoid=29387d9841f47710VgnVCM1000001d4a900aRCRD";"Leyendo cuentos en marzo";"http://www.madrid.es/sites/v/index.jsp?vgnextchannel=ca9671ee4a9eb410VgnVCM100000171f5a0aRCRD&vgnextoid=1de61ca550156710VgnVCM2000001f4a900aRCRD";"";"";"";"";"";"";"";"";"";"";"";"";"";"/contenido/actividades/CursosTalleres";"/usuario/Niños";
11316004;"De 3 a 5 años: 'La Sirenita' y 'Ricitos de Oro'";"";"1";"0";"";"";"2021-03-24 00:00:00.0";"2021-03-24 23:59:00.0";"18:00";"Lectura y dinamización de ambos cuentos. Para niños y niñas de 3 a 5 años. Actividad virtual. Imprescindible inscripción previa.";"http://www.madrid.es/sites/v/index.jsp?vgnextchannel=ca9671ee4a9eb410VgnVCM100000171f5a0aRCRD&vgnextoid=97597d9841f47710VgnVCM1000001d4a900aRCRD";"Leyendo cuentos en marzo";"http://www.madrid.es/sites/v/index.jsp?vgnextchannel=ca9671ee4a9eb410VgnVCM100000171f5a0aRCRD&vgnextoid=1de61ca550156710VgnVCM2000001f4a900aRCRD";"";"";"";"";"";"";"";"";"";"";"";"";"";"/contenido/actividades/CursosTalleres";"/usuario/Niños";
11316046;"De 3 a 5 años: 'Pinocchio' and 'Tin Soldier'";"";"1";"0";"";"";"2021-03-08 00:00:00.0";"2021-03-08 23:59:00.0";"18:00";"Lectura y dinamización de ambos cuentos. Para niños y niñas de 3 a 5 años. Actividad virtual. Imprescindible inscripción previa.";"http://www.madrid.es/sites/v/index.jsp?vgnextchannel=ca9671ee4a9eb410VgnVCM100000171f5a0aRCRD&vgnextoid=4d8d7d9841f47710VgnVCM1000001d4a900aRCRD";"Leyendo cuentos en inglés en enero";"http://www.madrid.es/sites/v/index.jsp?vgnextchannel=ca9671ee4a9eb410VgnVCM100000171f5a0aRCRD&vgnextoid=bcfc9fb522666710VgnVCM2000001f4a900aRCRD";"";"";"";"";"";"";"";"";"";"";"";"";"";"/contenido/actividades/CursosTalleres";"/usuario/Niños,/usuario/Familias";
11286375;"De 3 a 5 años: 'Pinocho' y 'El Soldadito de Plomo'";"";"1";"0";"";"";"2021-03-03 00:00:00.0";"2021-03-03 23:59:00.0";"18:00";"Lectura y dinamización de ambos cuentos. Para niños y niñas de 3 a 5 años. Actividad virtual. Imprescindible inscripción previa.";"http://www.madrid.es/sites/v/index.jsp?vgnextchannel=ca9671ee4a9eb410VgnVCM100000171f5a0aRCRD&vgnextoid=a887cc9316166710VgnVCM1000001d4a900aRCRD";"Leyendo cuentos en marzo";"http://www.madrid.es/sites/v/index.jsp?vgnextchannel=ca9671ee4a9eb410VgnVCM100000171f5a0aRCRD&vgnextoid=1de61ca550156710VgnVCM2000001f4a900aRCRD";"";"";"";"";"";"";"";"";"";"";"";"";"";"/contenido/actividades/CursosTalleres";"/usuario/Niños";
11304561;"De 3 a 5 años: 'Un agujerito en la luna' y 'La isla de los inventos'";"";"1";"0";"";"";"2021-02-09 00:00:00.0";"2021-02-09 23:59:00.0";"18:00";"Lectura y dinamización de ambos cuentos. Para niños y niñas de 3 a 5 años. Actividad virtual. Imprescindible inscripción previa.";"http://www.madrid.es/sites/v/index.jsp?vgnextchannel=ca9671ee4a9eb410VgnVCM100000171f5a0aRCRD&vgnextoid=a65fc7427ea17710VgnVCM2000001f4a900aRCRD";"";"";"";"";"";"";"";"";"";"";"";"";"";"";"";"/contenido/actividades/CursosTalleres";"/usuario/Niños";
11304564;"De 3 a 5 años: 'Un agujerito en la luna' y 'La isla de los inventos'";"";"1";"0";"";"";"2021-02-11 00:00:00.0";"2021-02-11 23:59:00.0";"18:00";"Lectura y dinamización de ambos cuentos. Para niños y niñas de 3 a 5 años. Actividad virtual. Imprescindible inscripción previa.";"http://www.madrid.es/sites/v/index.jsp?vgnextchannel=ca9671ee4a9eb410VgnVCM100000171f5a0aRCRD&vgnextoid=33bfc7427ea17710VgnVCM2000001f4a900aRCRD";"";"";"";"";"";"";"";"";"";"";"";"";"";"";"";"/contenido/actividades/CursosTalleres";"/usuario/Niños";
11304562;"De 3 a 5 años: 'Un lugar donde llueve chocolate' y 'El fantasma miedoso'";"";"1";"0";"";"";"2021-02-04 00:00:00.0";"2021-02-04 23:59:00.0";"18:00";"Lectura y dinamización de ambos cuentos. Para niños y niñas de 3 a 5 años. Actividad virtual. Imprescindible inscripción previa.";"http://www.madrid.es/sites/v/index.jsp?vgnextchannel=ca9671ee4a9eb410VgnVCM100000171f5a0aRCRD&vgnextoid=fd6fc7427ea17710VgnVCM2000001f4a900aRCRD";"";"";"";"";"";"";"";"";"";"";"";"";"";"";"";"/contenido/actividades/CursosTalleres";"/usuario/Niños";
11304568;"De 3 a 5 años: 'Un lugar donde llueve chocolate' y 'El fantasma miedoso'";"";"1";"0";"";"";"2021-02-20 00:00:00.0";"2021-02-20 23:59:00.0";"12:00";"Lectura y dinamización de ambos cuentos. Para niños y niñas de 3 a 5 años. Actividad virtual. Imprescindible inscripción previa.";"http://www.madrid.es/sites/v/index.jsp?vgnextchannel=ca9671ee4a9eb410VgnVCM100000171f5a0aRCRD&vgnextoid=d9ffc7427ea17710VgnVCM2000001f4a900aRCRD";"";"";"";"";"";"";"";"";"";"";"";"";"";"";"";"/contenido/actividades/CursosTalleres";"/usuario/Niños";
11304567;"De 3 a 5 años: 'Un lugar donde llueve chocolate' y 'El fantasma miedoso'";"";"1";"0";"";"";"2021-02-16 00:00:00.0";"2021-02-16 23:59:00.0";"18:00";"Lectura y dinamización de ambos cuentos. Para niños y niñas de 3 a 5 años. Actividad virtual. Imprescindible inscripción previa.";"http://www.madrid.es/sites/v/index.jsp?vgnextchannel=ca9671ee4a9eb410VgnVCM100000171f5a0aRCRD&vgnextoid=98efc7427ea17710VgnVCM2000001f4a900aRCRD";"";"";"";"";"";"";"";"";"";"";"";"";"";"";"";"/contenido/actividades/CursosTalleres";"/usuario/Niños";
11305150;"De 3 a 5 años: ?A little hole in the moon? and ?The Island of Inventions?";"";"1";"0";"";"";"2021-02-10 00:00:00.0";"2021-02-10 23:59:00.0";"18:00";"Lectura en inglés y dinamización de ambos cuentos. Para niños y niñas de 3 a 5 años.  Actividad virtual. Imprescindible inscripción previa.";"http://www.madrid.es/sites/v/index.jsp?vgnextchannel=ca9671ee4a9eb410VgnVCM100000171f5a0aRCRD&vgnextoid=8c13672126f17710VgnVCM2000001f4a900aRCRD";"Leyendo cuentos en inglés en febrero";"http://www.madrid.es/sites/v/index.jsp?vgnextchannel=ca9671ee4a9eb410VgnVCM100000171f5a0aRCRD&vgnextoid=0b8421057c517710VgnVCM2000001f4a900aRCRD";"";"";"";"";"";"";"";"";"";"";"";"";"";"/contenido/actividades/CursosTalleres";"/usuario/Niños,/usuario/Familias";
11305101;"De 3 a 5 años: ?A little hole in the moon? and ?The Island of Inventions?";"";"1";"0";"";"";"2021-02-03 00:00:00.0";"2021-02-03 23:59:00.0";"18:00";"Lectura en inglés y dinamización de ambos cuentos. Para niños y niñas de 3 a 5 años.  Actividad virtual. Imprescindible inscripción previa.";"http://www.madrid.es/sites/v/index.jsp?vgnextchannel=ca9671ee4a9eb410VgnVCM100000171f5a0aRCRD&vgnextoid=dde0672126f17710VgnVCM2000001f4a900aRCRD";"Leyendo cuentos en inglés en febrero";"http://www.madrid.es/sites/v/index.jsp?vgnextchannel=ca9671ee4a9eb410VgnVCM100000171f5a0aRCRD&vgnextoid=0b8421057c517710VgnVCM2000001f4a900aRCRD";"";"";"";"";"";"";"";"";"";"";"";"";"";"/contenido/actividades/CursosTalleres";"/usuario/Niños,/usuario/Familias";
11305170;"De 3 a 5 años: ?A place where it rains chocolate? and ?A scary ghost?";"";"1";"0";"";"";"2021-02-15 00:00:00.0";"2021-02-15 23:59:00.0";"18:00";"Lectura en inglés y dinamización de ambos cuentos. Para niños y niñas de 3 a 5 años.  Actividad virtual. Imprescindible inscripción previa.";"http://www.madrid.es/sites/v/index.jsp?vgnextchannel=ca9671ee4a9eb410VgnVCM100000171f5a0aRCRD&vgnextoid=1cd3672126f17710VgnVCM2000001f4a900aRCRD";"Leyendo cuentos en inglés en febrero";"http://www.madrid.es/sites/v/index.jsp?vgnextchannel=ca9671ee4a9eb410VgnVCM100000171f5a0aRCRD&vgnextoid=0b8421057c517710VgnVCM2000001f4a900aRCRD";"";"";"";"";"";"";"";"";"";"";"";"";"";"/contenido/actividades/CursosTalleres";"/usuario/Niños,/usuario/Familias";
11305160;"De 3 a 5 años: ?A place where it rains chocolate? and ?A scary ghost?";"";"1";"0";"";"";"2021-02-17 00:00:00.0";"2021-02-17 23:59:00.0";"18:00";"Lectura en inglés y dinamización de ambos cuentos. Para niños y niñas de 3 a 5 años.  Actividad virtual. Imprescindible inscripción previa.";"http://www.madrid.es/sites/v/index.jsp?vgnextchannel=ca9671ee4a9eb410VgnVCM100000171f5a0aRCRD&vgnextoid=1183672126f17710VgnVCM2000001f4a900aRCRD";"Leyendo cuentos en inglés en febrero";"http://www.madrid.es/sites/v/index.jsp?vgnextchannel=ca9671ee4a9eb410VgnVCM100000171f5a0aRCRD&vgnextoid=0b8421057c517710VgnVCM2000001f4a900aRCRD";"";"";"";"";"";"";"";"";"";"";"";"";"";"/contenido/actividades/CursosTalleres";"/usuario/Niños,/usuario/Familias";
11305214;"De 3 a 5 años: ?The colour Monster? and ?A very very clever fly?";"";"1";"0";"";"";"2021-02-24 00:00:00.0";"2021-02-24 23:59:00.0";"18:00";"Lectura en inglés y dinamización de ambos cuentos. Para niños y niñas de 3 a 5 años.  Actividad virtual. Imprescindible inscripción previa.";"http://www.madrid.es/sites/v/index.jsp?vgnextchannel=ca9671ee4a9eb410VgnVCM100000171f5a0aRCRD&vgnextoid=55f5672126f17710VgnVCM2000001f4a900aRCRD";"Leyendo cuentos en inglés en febrero";"http://www.madrid.es/sites/v/index.jsp?vgnextchannel=ca9671ee4a9eb410VgnVCM100000171f5a0aRCRD&vgnextoid=0b8421057c517710VgnVCM2000001f4a900aRCRD";"";"";"";"";"";"";"";"";"";"";"";"";"";"/contenido/actividades/CursosTalleres";"/usuario/Niños,/usuario/Familias";
11305186;"De 6 a 9 años:  ?Aladdin and the Wonderful Lamp? and ?Peter Pan?";"";"1";"0";"";"";"2021-02-22 00:00:00.0";"2021-02-22 23:59:00.0";"18:00";"Lectura en inglés y dinamización de ambos cuentos. Para niños y niñas de 6 a 9 años.  Actividad virtual. Imprescindible inscripción previa.";"http://www.madrid.es/sites/v/index.jsp?vgnextchannel=ca9671ee4a9eb410VgnVCM100000171f5a0aRCRD&vgnextoid=b394672126f17710VgnVCM2000001f4a900aRCRD";"Leyendo cuentos en inglés en febrero";"http://www.madrid.es/sites/v/index.jsp?vgnextchannel=ca9671ee4a9eb410VgnVCM100000171f5a0aRCRD&vgnextoid=0b8421057c517710VgnVCM2000001f4a900aRCRD";"";"";"";"";"";"";"";"";"";"";"";"";"";"/contenido/actividades/CursosTalleres";"/usuario/Niños,/usuario/Familias";
11305206;"De 6 a 9 años:  ?Aladdin and the Wonderful Lamp? and ?Peter Pan?";"";"1";"0";"";"";"2021-02-25 00:00:00.0";"2021-02-25 23:59:00.0";"18:00";"Lectura en inglés y dinamización de ambos cuentos. Para niños y niñas de 6 a 9 años.  Actividad virtual. Imprescindible inscripción previa.";"http://www.madrid.es/sites/v/index.jsp?vgnextchannel=ca9671ee4a9eb410VgnVCM100000171f5a0aRCRD&vgnextoid=ac35672126f17710VgnVCM2000001f4a900aRCRD";"Leyendo cuentos en inglés en febrero";"http://www.madrid.es/sites/v/index.jsp?vgnextchannel=ca9671ee4a9eb410VgnVCM100000171f5a0aRCRD&vgnextoid=0b8421057c517710VgnVCM2000001f4a900aRCRD";"";"";"";"";"";"";"";"";"";"";"";"";"";"/contenido/actividades/CursosTalleres";"/usuario/Niños,/usuario/Familias";
11304569;"De 6 a 9 años: 'Aladino y la lámpara maravillosa' y 'Peter Pan'";"";"1";"0";"";"";"2021-02-24 00:00:00.0";"2021-02-24 23:59:00.0";"18:00";"Lectura y dinamización de ambos cuentos. Para niños y niñas de 6 a 9 años. Actividad virtual. Imprescindible inscripción previa.";"http://www.madrid.es/sites/v/index.jsp?vgnextchannel=ca9671ee4a9eb410VgnVCM100000171f5a0aRCRD&vgnextoid=8730c7427ea17710VgnVCM2000001f4a900aRCRD";"";"";"";"";"";"";"";"";"";"";"";"";"";"";"";"/contenido/actividades/CursosTalleres";"/usuario/Niños";
11304570;"De 6 a 9 años: 'Aladino y la lámpara maravillosa' y 'Peter Pan'";"";"1";"0";"";"";"2021-02-26 00:00:00.0";"2021-02-26 23:59:00.0";"18:00";"Lectura y dinamización de ambos cuentos. Para niños y niñas de 6 a 9 años. Actividad virtual. Imprescindible inscripción previa.";"http://www.madrid.es/sites/v/index.jsp?vgnextchannel=ca9671ee4a9eb410VgnVCM100000171f5a0aRCRD&vgnextoid=4940c7427ea17710VgnVCM2000001f4a900aRCRD";"";"";"";"";"";"";"";"";"";"";"";"";"";"";"";"/contenido/actividades/CursosTalleres";"/usuario/Niños";
11316044;"De 6 a 9 años: 'Alice in the Wonderland' and 'Snow White'";"";"1";"0";"";"";"2021-03-04 00:00:00.0";"2021-03-04 23:59:00.0";"18:00";"Lectura y dinamización de ambos cuentos. Para niños y niñas de 6 a 9 años. Actividad virtual. Imprescindible inscripción previa.";"http://www.madrid.es/sites/v/index.jsp?vgnextchannel=ca9671ee4a9eb410VgnVCM100000171f5a0aRCRD&vgnextoid=e56d7d9841f47710VgnVCM1000001d4a900aRCRD";"Leyendo cuentos en inglés en enero";"http://www.madrid.es/sites/v/index.jsp?vgnextchannel=ca9671ee4a9eb410VgnVCM100000171f5a0aRCRD&vgnextoid=bcfc9fb522666710VgnVCM2000001f4a900aRCRD";"";"";"";"";"";"";"";"";"";"";"";"";"";"/contenido/actividades/CursosTalleres";"/usuario/Niños,/usuario/Familias";
11316047;"De 6 a 9 años: 'Alice in the Wonderland' and 'Snow White'";"";"1";"0";"";"";"2021-03-13 00:00:00.0";"2021-03-13 23:59:00.0";"12:00";"Lectura y dinamización de ambos cuentos. Para niños y niñas de 6 a 9 años. Actividad virtual. Imprescindible inscripción previa.";"http://www.madrid.es/sites/v/index.jsp?vgnextchannel=ca9671ee4a9eb410VgnVCM100000171f5a0aRCRD&vgnextoid=83bd7d9841f47710VgnVCM1000001d4a900aRCRD";"Leyendo cuentos en inglés en enero";"http://www.madrid.es/sites/v/index.jsp?vgnextchannel=ca9671ee4a9eb410VgnVCM100000171f5a0aRCRD&vgnextoid=bcfc9fb522666710VgnVCM2000001f4a900aRCRD";"";"";"";"";"";"";"";"";"";"";"";"";"";"/contenido/actividades/CursosTalleres";"/usuario/Niños,/usuario/Familias";
11315996;"De 6 a 9 años: 'Alicia en el país de las Maravillas' y 'Blancanieves'";"";"1";"0";"";"";"2021-03-09 00:00:00.0";"2021-03-09 23:59:00.0";"18:00";"Lectura y dinamización de ambos cuentos. Para niños y niñas de 6 a 9 años. Actividad virtual. Imprescindible inscripción previa.";"http://www.madrid.es/sites/v/index.jsp?vgnextchannel=ca9671ee4a9eb410VgnVCM100000171f5a0aRCRD&vgnextoid=c4575aa8c5e47710VgnVCM1000001d4a900aRCRD";"Leyendo cuentos en marzo";"http://www.madrid.es/sites/v/index.jsp?vgnextchannel=ca9671ee4a9eb410VgnVCM100000171f5a0aRCRD&vgnextoid=1de61ca550156710VgnVCM2000001f4a900aRCRD";"";"";"";"";"";"";"";"";"";"";"";"";"";"/contenido/actividades/CursosTalleres";"/usuario/Niños";
11315997;"De 6 a 9 años: 'Alicia en el país de las Maravillas' y 'Blancanieves'";"";"1";"0";"";"";"2021-03-11 00:00:00.0";"2021-03-11 23:59:00.0";"18:00";"Lectura y dinamización de ambos cuentos. Para niños y niñas de 6 a 9 años. Actividad virtual. Imprescindible inscripción previa.";"http://www.madrid.es/sites/v/index.jsp?vgnextchannel=ca9671ee4a9eb410VgnVCM100000171f5a0aRCRD&vgnextoid=38775aa8c5e47710VgnVCM1000001d4a900aRCRD";"Leyendo cuentos en marzo";"http://www.madrid.es/sites/v/index.jsp?vgnextchannel=ca9671ee4a9eb410VgnVCM100000171f5a0aRCRD&vgnextoid=1de61ca550156710VgnVCM2000001f4a900aRCRD";"";"";"";"";"";"";"";"";"";"";"";"";"";"/contenido/actividades/CursosTalleres";"/usuario/Niños";
11316005;"De 6 a 9 años: 'El Sastrecillo Valiente' y 'El Zapatero y los Duendes'";"";"1";"0";"";"";"2021-03-25 00:00:00.0";"2021-03-25 23:59:00.0";"18:00";"Lectura y dinamización de ambos cuentos. Para niños y niñas de 6 a 9 años. Actividad virtual. Imprescindible inscripción previa.";"http://www.madrid.es/sites/v/index.jsp?vgnextchannel=ca9671ee4a9eb410VgnVCM100000171f5a0aRCRD&vgnextoid=79897d9841f47710VgnVCM1000001d4a900aRCRD";"Leyendo cuentos en marzo";"http://www.madrid.es/sites/v/index.jsp?vgnextchannel=ca9671ee4a9eb410VgnVCM100000171f5a0aRCRD&vgnextoid=1de61ca550156710VgnVCM2000001f4a900aRCRD";"";"";"";"";"";"";"";"";"";"";"";"";"";"/contenido/actividades/CursosTalleres";"/usuario/Niños";
11316003;"De 6 a 9 años: 'La Sirenita' y 'Ricitos de Oro'";"";"1";"0";"";"";"2021-03-16 00:00:00.0";"2021-03-16 23:59:00.0";"18:00";"Lectura y dinamización de ambos cuentos. Para niños y niñas de 6 a 9 años. Actividad virtual. Imprescindible inscripción previa.";"http://www.madrid.es/sites/v/index.jsp?vgnextchannel=ca9671ee4a9eb410VgnVCM100000171f5a0aRCRD&vgnextoid=e7e87d9841f47710VgnVCM1000001d4a900aRCRD";"Leyendo cuentos en marzo";"http://www.madrid.es/sites/v/index.jsp?vgnextchannel=ca9671ee4a9eb410VgnVCM100000171f5a0aRCRD&vgnextoid=1de61ca550156710VgnVCM2000001f4a900aRCRD";"";"";"";"";"";"";"";"";"";"";"";"";"";"/contenido/actividades/CursosTalleres";"/usuario/Niños";
11316001;"De 6 a 9 años: 'La Sirenita' y 'Ricitos de Oro'";"";"1";"0";"";"";"2021-03-22 00:00:00.0";"2021-03-22 23:59:00.0";"18:00";"Lectura y dinamización de ambos cuentos. Para niños y niñas de 6 a 9 años. Actividad virtual. Imprescindible inscripción previa.";"http://www.madrid.es/sites/v/index.jsp?vgnextchannel=ca9671ee4a9eb410VgnVCM100000171f5a0aRCRD&vgnextoid=af687d9841f47710VgnVCM1000001d4a900aRCRD";"Leyendo cuentos en marzo";"http://www.madrid.es/sites/v/index.jsp?vgnextchannel=ca9671ee4a9eb410VgnVCM100000171f5a0aRCRD&vgnextoid=1de61ca550156710VgnVCM2000001f4a900aRCRD";"";"";"";"";"";"";"";"";"";"";"";"";"";"/contenido/actividades/CursosTalleres";"/usuario/Niños";
11287667;"De 6 a 9 años: 'Pinocchio' and 'Tin Soldier'";"";"1";"0";"";"";"2021-03-04 00:00:00.0";"2021-03-04 23:59:00.0";"18:00";"Lectura en inglés y dinamización de ambos cuentos. Para niños y niñas de 6 a 9 años.  Actividad virtual. Imprescindible inscripción previa.";"http://www.madrid.es/sites/v/index.jsp?vgnextchannel=ca9671ee4a9eb410VgnVCM100000171f5a0aRCRD&vgnextoid=28d6b381d9a66710VgnVCM1000001d4a900aRCRD";"Leyendo cuentos en inglés en enero";"http://www.madrid.es/sites/v/index.jsp?vgnextchannel=ca9671ee4a9eb410VgnVCM100000171f5a0aRCRD&vgnextoid=bcfc9fb522666710VgnVCM2000001f4a900aRCRD";"";"";"";"";"";"";"";"";"";"";"";"";"";"/contenido/actividades/CursosTalleres";"/usuario/Niños";
11286373;"De 6 a 9 años: 'Pinocho' y 'El Soldadito de Plomo'";"";"1";"0";"";"";"2021-03-11 00:00:00.0";"2021-03-11 23:59:00.0";"18:00";"Lectura y dinamización de ambos cuentos. Para niños y niñas de 6 a 9 años. Actividad virtual. Imprescindible inscripción previa.";"http://www.madrid.es/sites/v/index.jsp?vgnextchannel=ca9671ee4a9eb410VgnVCM100000171f5a0aRCRD&vgnextoid=c077cc9316166710VgnVCM1000001d4a900aRCRD";"Leyendo cuentos en marzo";"http://www.madrid.es/sites/v/index.jsp?vgnextchannel=ca9671ee4a9eb410VgnVCM100000171f5a0aRCRD&vgnextoid=1de61ca550156710VgnVCM2000001f4a900aRCRD";"";"";"";"";"";"";"";"";"";"";"";"";"";"/contenido/actividades/CursosTalleres";"/usuario/Niños";
11316049;"De 6 a 9 años: 'The Brave Little Tailor' and 'The elves and the shoemaker'";"";"1";"0";"";"";"2021-03-17 00:00:00.0";"2021-03-17 23:59:00.0";"18:00";"Lectura y dinamización de ambos cuentos. Para niños y niñas de 6 a 9 años. Actividad virtual. Imprescindible inscripción previa.";"http://www.madrid.es/sites/v/index.jsp?vgnextchannel=ca9671ee4a9eb410VgnVCM100000171f5a0aRCRD&vgnextoid=15fd7d9841f47710VgnVCM1000001d4a900aRCRD";"Leyendo cuentos en inglés en enero";"http://www.madrid.es/sites/v/index.jsp?vgnextchannel=ca9671ee4a9eb410VgnVCM100000171f5a0aRCRD&vgnextoid=bcfc9fb522666710VgnVCM2000001f4a900aRCRD";"";"";"";"";"";"";"";"";"";"";"";"";"";"/contenido/actividades/CursosTalleres";"/usuario/Niños,/usuario/Familias";
11316048;"De 6 a 9 años: 'The little Mermaid' and 'Goldilocks and the three bears'";"";"1";"0";"";"";"2021-03-17 00:00:00.0";"2021-03-17 23:59:00.0";"18:00";"Lectura y dinamización de ambos cuentos. Para niños y niñas de 6 a 9 años. Actividad virtual. Imprescindible inscripción previa.";"http://www.madrid.es/sites/v/index.jsp?vgnextchannel=ca9671ee4a9eb410VgnVCM100000171f5a0aRCRD&vgnextoid=3acd7d9841f47710VgnVCM1000001d4a900aRCRD";"Leyendo cuentos en inglés en enero";"http://www.madrid.es/sites/v/index.jsp?vgnextchannel=ca9671ee4a9eb410VgnVCM100000171f5a0aRCRD&vgnextoid=bcfc9fb522666710VgnVCM2000001f4a900aRCRD";"";"";"";"";"";"";"";"";"";"";"";"";"";"/contenido/actividades/CursosTalleres";"/usuario/Niños,/usuario/Familias";
11304565;"De 6 a 9 años: 'Un lugar donde llueve chocolate' y 'El fantasma miedoso'";"";"1";"0";"";"";"2021-02-12 00:00:00.0";"2021-02-12 23:59:00.0";"18:00";"Lectura y dinamización de ambos cuentos. Para niños y niñas de 6 a 9 años. Actividad virtual. Imprescindible inscripción previa.";"http://www.madrid.es/sites/v/index.jsp?vgnextchannel=ca9671ee4a9eb410VgnVCM100000171f5a0aRCRD&vgnextoid=54dfc7427ea17710VgnVCM2000001f4a900aRCRD";"";"";"";"";"";"";"";"";"";"";"";"";"";"";"";"/contenido/actividades/CursosTalleres";"/usuario/Niños";
11304563;"De 6 a 9 años: 'Un lugar donde llueve chocolate' y 'El fantasma miedoso'";"";"1";"0";"";"";"2021-02-10 00:00:00.0";"2021-02-10 23:59:00.0";"18:00";"Lectura y dinamización de ambos cuentos. Para niños y niñas de 6 a 9  años. Actividad virtual. Imprescindible inscripción previa.";"http://www.madrid.es/sites/v/index.jsp?vgnextchannel=ca9671ee4a9eb410VgnVCM100000171f5a0aRCRD&vgnextoid=309fc7427ea17710VgnVCM2000001f4a900aRCRD";"";"";"";"";"";"";"";"";"";"";"";"";"";"";"";"/contenido/actividades/CursosTalleres";"/usuario/Niños";
11305181;"De 6 a 9 años: ?A little hole in the moon? and ?The Island of Inventions?";"";"1";"0";"";"";"2021-02-17 00:00:00.0";"2021-02-17 23:59:00.0";"18:00";"Lectura en inglés y dinamización de ambos cuentos. Para niños y niñas de 3 a 5 años.  Actividad virtual. Imprescindible inscripción previa.";"http://www.madrid.es/sites/v/index.jsp?vgnextchannel=ca9671ee4a9eb410VgnVCM100000171f5a0aRCRD&vgnextoid=ed34672126f17710VgnVCM2000001f4a900aRCRD";"Leyendo cuentos en inglés en febrero";"http://www.madrid.es/sites/v/index.jsp?vgnextchannel=ca9671ee4a9eb410VgnVCM100000171f5a0aRCRD&vgnextoid=0b8421057c517710VgnVCM2000001f4a900aRCRD";"";"";"";"";"";"";"";"";"";"";"";"";"";"/contenido/actividades/CursosTalleres";"/usuario/Niños,/usuario/Familias";
11305140;"De 6 a 9 años: ?A place where it rains chocolate? and ?A scary ghost?";"";"1";"0";"";"";"2021-02-11 00:00:00.0";"2021-02-11 23:59:00.0";"18:00";"Lectura en inglés y dinamización de ambos cuentos. Para niños y niñas de 6 a 9 años.  Actividad virtual. Imprescindible inscripción previa.";"http://www.madrid.es/sites/v/index.jsp?vgnextchannel=ca9671ee4a9eb410VgnVCM100000171f5a0aRCRD&vgnextoid=cb62672126f17710VgnVCM2000001f4a900aRCRD";"Leyendo cuentos en inglés en febrero";"http://www.madrid.es/sites/v/index.jsp?vgnextchannel=ca9671ee4a9eb410VgnVCM100000171f5a0aRCRD&vgnextoid=0b8421057c517710VgnVCM2000001f4a900aRCRD";"";"";"";"";"";"";"";"";"";"";"";"";"";"/contenido/actividades/CursosTalleres";"/usuario/Niños,/usuario/Familias";
11305112;"De 6 a 9 años: ?A place where it rains chocolate? and ?A scary ghost?";"";"1";"0";"";"";"2021-02-08 00:00:00.0";"2021-02-08 23:59:00.0";"18:00";"Lectura en inglés y dinamización de ambos cuentos. Para niños y niñas de 6 a 9 años.  Actividad virtual. Imprescindible inscripción previa.";"http://www.madrid.es/sites/v/index.jsp?vgnextchannel=ca9671ee4a9eb410VgnVCM100000171f5a0aRCRD&vgnextoid=8861672126f17710VgnVCM2000001f4a900aRCRD";"Leyendo cuentos en inglés en febrero";"http://www.madrid.es/sites/v/index.jsp?vgnextchannel=ca9671ee4a9eb410VgnVCM100000171f5a0aRCRD&vgnextoid=0b8421057c517710VgnVCM2000001f4a900aRCRD";"";"";"";"";"";"";"";"";"";"";"";"";"";"/contenido/actividades/CursosTalleres";"/usuario/Niños,/usuario/Familias";
11300235;"El pollo Pepe para bebés";"";"1";"0";"";"";"2021-02-09 00:00:00.0";"2021-02-09 23:59:00.0";"19:00";"'El pollo Pepe', además de ser un libro divertido que suele gustar muchos a los niños, es didáctico, ya que los peques aprenden de qué color es un pollito, cúales son las partes del cuerpo y de qué se alimentan.  Lectura y dinamización para niños y niñas de 0 a 3 años. Actividad virtual. Imprescindible inscripción previa.";"http://www.madrid.es/sites/v/index.jsp?vgnextchannel=ca9671ee4a9eb410VgnVCM100000171f5a0aRCRD&vgnextoid=ee13423a231f6710VgnVCM2000001f4a900aRCRD";"Leyendo cuentos para bebés";"http://www.madrid.es/sites/v/index.jsp?vgnextchannel=ca9671ee4a9eb410VgnVCM100000171f5a0aRCRD&vgnextoid=95c1f500d625e510VgnVCM2000001f4a900aRCRD";"";"";"";"";"";"";"";"";"";"";"";"";"";"/contenido/actividades/CuentacuentosTiteresMarionetas";"/usuario/Niños";
11300157;"El pollo Pepe para bebés";"";"1";"0";"";"";"2021-02-09 00:00:00.0";"2021-02-09 23:59:00.0";"18:00";"'El pollo Pepe', además de ser un libro divertido que suele gustar muchos a los niños, es didáctico, ya que los peques aprenden de qué color es un pollito, cúales son las partes del cuerpo y de qué se alimentan.  Lectura y dinamización para niños y niñas de 0 a 3 años. Actividad virtual. Imprescindible inscripción previa.";"http://www.madrid.es/sites/v/index.jsp?vgnextchannel=ca9671ee4a9eb410VgnVCM100000171f5a0aRCRD&vgnextoid=9fbf423a231f6710VgnVCM2000001f4a900aRCRD";"Leyendo cuentos para bebés";"http://www.madrid.es/sites/v/index.jsp?vgnextchannel=ca9671ee4a9eb410VgnVCM100000171f5a0aRCRD&vgnextoid=95c1f500d625e510VgnVCM2000001f4a900aRCRD";"";"";"";"";"";"";"";"";"";"";"";"";"";"/contenido/actividades/CuentacuentosTiteresMarionetas";"/usuario/Niños";
11289596;"Exposición de dibujos: Reversibles";"";"1";"1";"L,M,X,J,V,S,D";"";"2020-12-17 00:00:00.0";"2021-03-31 23:59:00.0";"09:00";"Monsalve de Dios En un año tan inolvidable como el 2020, Amalia y Ana (hija y madre) han encontrado su refugio entre lápices, colores y papel. Esta muestra de 30 de los dibujos que han realizado a cuatro manos,cierra este año acompañada además de un extracto del documental 'Reversibles'de Diana Nava, donde se puede apreciar el proceso creativo que han llevado a cabo. Ana de Dios Filósofa e ilustradora de formación, no podría encajarse en una sola definición. Sus trabajos le han llevado a exponer y participar en residencias artísticas por Madrid, Berlín, Turquía o Corea del Sur. Tras un parón en esta faceta de varios años, retoma la misma en este 2020 de la mano de su hija Amalia (Madrid, 2016) bajo el nombre Monsalve de Dios. En esta exposición  se pueden contemplar 30 de los dibujos realizados. Contacto Instagram: @anadediosart Email: anadediosart@gmail.com";"http://www.madrid.es/sites/v/index.jsp?vgnextchannel=ca9671ee4a9eb410VgnVCM100000171f5a0aRCRD&vgnextoid=d6eafb6bbf076710VgnVCM1000001d4a900aRCRD";"Exposición de dibujos: Reversibles";"http://www.madrid.es/sites/v/index.jsp?vgnextchannel=ca9671ee4a9eb410VgnVCM100000171f5a0aRCRD&vgnextoid=52767007a8406710VgnVCM1000001d4a900aRCRD";"http://www.madrid.es/sites/v/index.jsp?vgnextchannel=bfa48ab43d6bb410VgnVCM100000171f5a0aRCRD&vgnextoid=0b60e92be3c5e210VgnVCM1000000b205a0aRCRD";"Biblioteca Pública Municipal Iván de Vargas (Centro)";"1,6";"CALLE";"SAN JUSTO";"5";"CENTRO";"PALACIO";"28005";"439775";"4473962";"40.41410290844665";"-3.7098591212735883";"/contenido/actividades/Exposiciones";"/usuario/Niños,/usuario/Familias";
11300171;"La luna está triste para bebés";"";"1";"0";"";"";"2021-02-17 00:00:00.0";"2021-02-17 23:59:00.0";"18:00";"El cuento 'La luna está triste' trata sobre un elefante que quiere dar un beso a la luna, pero como no llega , sus amigos los animales (oso, tigre, cocodrilo y ratón) le ayudarán a conseguirlo.  Lectura y dinamización para niños y niñas de 0 a 3 años. Actividad virtual. Imprescindible inscripción previa.";"http://www.madrid.es/sites/v/index.jsp?vgnextchannel=ca9671ee4a9eb410VgnVCM100000171f5a0aRCRD&vgnextoid=e611423a231f6710VgnVCM2000001f4a900aRCRD";"Leyendo cuentos para bebés";"http://www.madrid.es/sites/v/index.jsp?vgnextchannel=ca9671ee4a9eb410VgnVCM100000171f5a0aRCRD&vgnextoid=95c1f500d625e510VgnVCM2000001f4a900aRCRD";"";"";"";"";"";"";"";"";"";"";"";"";"";"/contenido/actividades/CuentacuentosTiteresMarionetas";"/usuario/Niños";
11300247;"La luna está triste para bebés";"";"1";"0";"";"";"2021-02-17 00:00:00.0";"2021-02-17 23:59:00.0";"19:00";"El cuento 'La luna está triste' trata sobre un elefante que quiere dar un beso a la luna, pero como no llega , sus amigos los animales (oso, tigre, cocodrilo y ratón) le ayudarán a conseguirlo.  Lectura y dinamización para niños y niñas de 0 a 3 años. Actividad virtual. Imprescindible inscripción previa.";"http://www.madrid.es/sites/v/index.jsp?vgnextchannel=ca9671ee4a9eb410VgnVCM100000171f5a0aRCRD&vgnextoid=8064423a231f6710VgnVCM2000001f4a900aRCRD";"Leyendo cuentos para bebés";"http://www.madrid.es/sites/v/index.jsp?vgnextchannel=ca9671ee4a9eb410VgnVCM100000171f5a0aRCRD&vgnextoid=95c1f500d625e510VgnVCM2000001f4a900aRCRD";"";"";"";"";"";"";"";"";"";"";"";"";"";"/contenido/actividades/CuentacuentosTiteresMarionetas";"/usuario/Niños";
11300163;"Los tres cerditos para bebés";"";"1";"0";"";"";"2021-02-13 00:00:00.0";"2021-02-13 23:59:00.0";"12:00";"?El cuento de 'Los tres cerditos' es muy conocido por todos, trata de tres cerditos que son hermanos y que construyen cada uno su casita para que el lobo no pueda entrar.  Lectura y dinamización para niños y niñas de 0 a 3 años. Actividad virtual. Imprescindible inscripción previa.";"http://www.madrid.es/sites/v/index.jsp?vgnextchannel=ca9671ee4a9eb410VgnVCM100000171f5a0aRCRD&vgnextoid=2b11423a231f6710VgnVCM2000001f4a900aRCRD";"Leyendo cuentos para bebés";"http://www.madrid.es/sites/v/index.jsp?vgnextchannel=ca9671ee4a9eb410VgnVCM100000171f5a0aRCRD&vgnextoid=95c1f500d625e510VgnVCM2000001f4a900aRCRD";"";"";"";"";"";"";"";"";"";"";"";"";"";"/contenido/actividades/CuentacuentosTiteresMarionetas";"/usuario/Niños";
11300244;"Los tres cerditos para bebés";"";"1";"0";"";"";"2021-02-13 00:00:00.0";"2021-02-13 23:59:00.0";"13:00";"El cuento de 'Los tres cerditos' es muy conocido por todos, trata de tres cerditos que son hermanos y que construyen cada uno su casita para que el lobo no pueda entrar.  Lectura y dinamización para niños y niñas de 0 a 3 años. Actividad virtual. Imprescindible inscripción previa.";"http://www.madrid.es/sites/v/index.jsp?vgnextchannel=ca9671ee4a9eb410VgnVCM100000171f5a0aRCRD&vgnextoid=d464423a231f6710VgnVCM2000001f4a900aRCRD";"Leyendo cuentos para bebés";"http://www.madrid.es/sites/v/index.jsp?vgnextchannel=ca9671ee4a9eb410VgnVCM100000171f5a0aRCRD&vgnextoid=95c1f500d625e510VgnVCM2000001f4a900aRCRD";"";"";"";"";"";"";"";"";"";"";"";"";"";"/contenido/actividades/CuentacuentosTiteresMarionetas";"/usuario/Niños";
11248047;"Sigue tu propia aventura: club de recursos lectores y educativos en familia";"";"1";"1";"L,M,X,J,V,S,D";"";"2020-11-04 00:00:00.0";"2021-06-30 23:59:00.0";"00:00";"";"http://www.madrid.es/sites/v/index.jsp?vgnextchannel=ca9671ee4a9eb410VgnVCM100000171f5a0aRCRD&vgnextoid=187c1c5560645710VgnVCM1000001d4a900aRCRD";"Sigue tu propia aventura: club de recursos lectores y educativos en familia";"http://www.madrid.es/sites/v/index.jsp?vgnextchannel=ca9671ee4a9eb410VgnVCM100000171f5a0aRCRD&vgnextoid=ba6a1c5560645710VgnVCM1000001d4a900aRCRD";"";"";"";"";"";"";"";"";"";"";"";"";"";"/contenido/actividades/CursosTalleres";"";
11289615;"Taller de Inglés Remedial English (Clínica de la lengua inglesa)";"";"1";"1";"L";"";"2021-01-18 00:00:00.0";"2021-04-26 23:59:00.0";"19:00";"";"http://www.madrid.es/sites/v/index.jsp?vgnextchannel=ca9671ee4a9eb410VgnVCM100000171f5a0aRCRD&vgnextoid=d60ffb6bbf076710VgnVCM1000001d4a900aRCRD";"Taller de Inglés Remedial English (Clínica de la lengua inglesa)";"http://www.madrid.es/sites/v/index.jsp?vgnextchannel=ca9671ee4a9eb410VgnVCM100000171f5a0aRCRD&vgnextoid=b9befb6bbf076710VgnVCM1000001d4a900aRCRD";"";"";"";"";"";"";"";"";"";"";"";"";"";"/contenido/actividades/CursosTalleres";"";
11257988;"Taller de Meditación y ceremonias compartidas";"";"1";"1";"V";"25/12/2020;1/1/2021;8/1/2021;19/3/2021;";"2020-11-06 00:00:00.0";"2021-03-26 23:59:00.0";"19:00";"";"http://www.madrid.es/sites/v/index.jsp?vgnextchannel=ca9671ee4a9eb410VgnVCM100000171f5a0aRCRD&vgnextoid=4729ef541c685710VgnVCM2000001f4a900aRCRD";"Taller de Meditación y ceremonias compartidas";"http://www.madrid.es/sites/v/index.jsp?vgnextchannel=ca9671ee4a9eb410VgnVCM100000171f5a0aRCRD&vgnextoid=988d2bfd4f975710VgnVCM1000001d4a900aRCRD";"";"";"";"";"";"";"";"";"";"";"";"";"";"/contenido/actividades/CursosTalleres";"";
11301243;"Taller de Nutrilecturas: 'Los colores de la salud'";"";"1";"0";"";"";"2021-02-02 00:00:00.0";"2021-02-02 23:59:00.0";"18:00";"";"http://www.madrid.es/sites/v/index.jsp?vgnextchannel=ca9671ee4a9eb410VgnVCM100000171f5a0aRCRD&vgnextoid=4645f65443bf6710VgnVCM2000001f4a900aRCRD";"Taller de Nutrilecturas: 'Los colores de la salud'";"http://www.madrid.es/sites/v/index.jsp?vgnextchannel=ca9671ee4a9eb410VgnVCM100000171f5a0aRCRD&vgnextoid=59c4f65443bf6710VgnVCM2000001f4a900aRCRD";"";"";"";"";"";"";"";"";"";"";"";"";"";"/contenido/actividades/CursosTalleres";"";
11076835;"Teatros de Cine";"";"1";"1";"L,M,X,J,V,S,D";"2/11/2020;9/11/2020;7/12/2020;8/12/2020;24/12/2020;25/12/2020;31/12/2020;1/1/2021;6/1/2021;";"2020-10-01 00:00:00.0";"2021-02-28 23:59:00.0";"";"";"http://www.madrid.es/sites/v/index.jsp?vgnextchannel=ca9671ee4a9eb410VgnVCM100000171f5a0aRCRD&vgnextoid=7cda5b0e9d1be610VgnVCM2000001f4a900aRCRD";"Teatros de Cine";"http://www.madrid.es/sites/v/index.jsp?vgnextchannel=ca9671ee4a9eb410VgnVCM100000171f5a0aRCRD&vgnextoid=fb3edda868b4b610VgnVCM2000001f4a900aRCRD";"http://www.madrid.es/sites/v/index.jsp?vgnextchannel=bfa48ab43d6bb410VgnVCM100000171f5a0aRCRD&vgnextoid=ec750a2153ef9210VgnVCM2000000c205a0aRCRD";"Biblioteca Pública Municipal Ángel González (Latina)";"1,6";"CALLE";"GRANJA DE TORREHERMOSA";"1";"LATINA";"ALUCHE";"28024";"434954";"4472113";"40.397074625115906";"-3.7664885474841556";"/contenido/actividades/Exposiciones";"";
