id,nombre_del_pilar,alcaldia,nombre_y_o_ubicacion_del_inmueble,estatus_de_conectividad,fecha_de_inauguracion,numero_de_ap_internas,numero_de_ap_externas,latitud,longitud,geopoint
0,LA CUESTA,Álvaro Obregón,"Tecalcapa Centro Social La Cuesta Pueblo Tetelpan (534 M2), 
calle Andador Tepalcapa S/N, Esq. Rio Guadalupe",CONECTADO,PRÓXIMA,2,1,19.345512,-99.225916,"19.345512,-99.225916"
1,SANTA LUCIA,Álvaro Obregón,"Estación De Policía Cdmx ""Colinas del Sur”,Avenida Santa Lucía y calle 36 S/N, Colonia Colinas del Sur.",CONECTADO,PRÓXIMA,1,0,19.368568,-99.222861,"19.368568,-99.222861"
2,BARRIO NORTE II,Álvaro Obregón,"BARRIO NORTE II, Cerrada Allende S/N, Col. Barrio Norte",CONECTADO,PRÓXIMA,2,1,19.379565,-99.206473,"19.379565,-99.206473"
3,BELÉN DE LAS FLORES,Álvaro Obregón,Belén de las Rosas 11 Centro Social Belen de las Flores (300M2 DE READECUACIÓN),CONECTADO,23/4/2019,2,1,19.397066,-99.217629,"19.397066,-99.217629"
4,ÁRBOL DEL CONOCIMIENTO,Álvaro Obregón,Luis G Urbina s/n Árbol del Conocimiento 1era Sección Cañada (1000 M2 DE READECUACIÓN),CONECTADO,3/8/2019,1,1,19.3842972,-99.2221,"19.3842972,-99.2221"
5,LA ARAÑA,Álvaro Obregón,"Centro Interactivo La Araña, Álvaro Obregón Río Mixcoac, Col. La Araña",CONECTADO,8/2/2019,3,0,19.36265,-99.240295,"19.36265,-99.240295"
6,JALALPA TEPITO,Álvaro Obregón,"Centro de Artes y Oficios Jalalpa, Álvaro Obregón Encinal S/N",CONECTADO,8/2/2019,3,0,19.374318,-99.236969,"19.374318,-99.236969"
7,SAN MIGUEL AMANTLA,Azcapotzalco,Av Morelos 163 Centro de Desarrollo Comunitario San Miguel Amantla (300 M2),CONECTADO,12/7/2019,2,1,19.475268,-99.204326,"19.475268,-99.204326"
8,LA NARANJA,Azcapotzalco,"Estación De Policía  Cdmx “La Naranja”, Calzada De La Naranja Número 10156, Colonia Ampliación San Pedro Xalpa, 150 M2",CONECTADO,22/9/2019,1,1,19.4745111,-99.2185,"19.4745111,-99.2185"
9,PROHOGAR,Azcapotzalco,"Prohogar, Fracción del Predio ubicada en calle 22 No.17",CONECTADO,4/2/2020,3,1,19.474933,-99.149838,"19.474933,-99.149838"
10,TOPILTZIN,Coyoacán,"CDC Francisco I. Madero, Calle Mixtecas y Topilzin, DIF",CONECTADO,5/3/2020,2,0,19.322999,-99.157708,"19.322999,-99.157708"
11,VILLA PANAMERICANA,Coyoacán,Centro Deportivo Comunitario Villa Panamericana (3700 M2)……(9000 M2)….415 M2 EN PB,CONECTADO,12/8/2019,2,0,19.3100417,-99.169875,"19.3100417,-99.169875"
12,SANTA ANA,Coyoacán,"Estación De Policía Cdmx ""Santana"", Eje 3 OTE y Av. Santana, Col. CTM Culhuacán, Coyoacán",CONECTADO,PRÓXIMA,2,1,19.32844,-99.114214,"19.32844,-99.114214"
13,CANTERA,Coyoacán,"Centro de Desarrollo Comunitario Cantera, (Parque Recreativo Copete), Coyoacán 
Avenida Delfín Madrigal, Col.Pedregal de Santo Domingo",CONECTADO,29/3/2019,2,0,19.317944,-99171981.0,
14,SAN FRANCISCO TULTENCO,Cuauhtémoc,"Paulino Navarro, Callejón Francisco Tultenco No.41, Col.  Paulino Navarro",CONECTADO,6/2/2020,3,0,19.41097,-99.128755,"19.41097,-99.128755"
15,INSURGENTES,Cuauhtémoc,"Glorieta de Insurgentes, Av. Insurgentes",CONECTADO,4/9/2019,2,0,19.423401,-99.162568,"19.423401,-99.162568"
16,VALLE GÓMEZ,Cuauhtémoc,"MÓDULO PARTICIPACIÓN CIUDADANA
FERROCARRIL HIDALGO ENTRE PLOMO Y PLATINO COL. VALLE GÓMEZ, C.P. 06240",CONECTADO,21/11/2019,1,1,19.457135,-99.124036,"19.457135,-99.124036"
17,ATLAMPA,Cuauhtémoc,"Atlampa, Cuauhtémoc Cerrada de Cedro esquina Eulalia Guzmán, Col.Atlampa",CONECTADO,18/3/2019,3,0,19.45922,-9916032.0,
18,EJIDOS DE SAN JUAN DE ARAGÓN,Gustavo A. Madero,"AV. PUERTO DE PALOS ESQUINA CALLE PUERTO KIEL COLONIA EJIDOS DE SAN JUAN DE ARAGÓN, C.P. 07940",CONECTADO,SIN FECHA,2,0,19.469485,-99.091333,"19.469485,-99.091333"
19,MAZATLAN,Gustavo A. Madero,Estación de Policía Mazatlan,CONECTADO,PRÓXIMA,2,0,19.5214467,-99.1418887,"19.5214467,-99.1418887"
20,RICHARD WAGNER,Gustavo A. Madero,"Centro de Desarrollo Social y Cultural Richard Wagner , Constantino esquina Clave, Col.Vallejo",CONECTADO,28/1/2019,3,0,19.46552,-99.129176,"19.46552,-99.129176"
21,EL VIVERO,Gustavo A. Madero,"Deportivo el Vivero, Calle Blanca Estela Pavón sin número, Alcaldía Gustavo A. Madero, (55 mil m²)",CONECTADO,PRÓXIMA,5,1,19.561881,-99.126161,"19.561881,-99.126161"
22,AGRÍCOLA PANTITLÁN,Iztacalco,"Centro Cultural L.A.T.A, Iztacalco Guadalupe esquina calle uno, Col. Agrícola Pantitlán",CONECTADO,22/2/2019,2,0,19.415431,-99.068333,"19.415431,-99.068333"
23,CONSTITUCION DE 1917,Iztapalapa,"Estación De Policía Cdmx ""Constitución de 1917"", Alcaldía Iztapalapa",CONECTADO,PRÓXIMA,1,0,19.344302,-99.061208,"19.344302,-99.061208"
24,CERRO DE LA ESTRELLA,Iztapalapa,"Centro Cultural Comunitario Chocolín, Chocolín,  Paraje San Juan Cerro (402 M2)",CONECTADO,24/5/2019,2,0,19.345522,-99.081296,"19.345522,-99.081296"
25,TEPALCATES,Iztapalapa,"Centro Comunitario Tepalcates y predio Tepalcates, Primavera, Tepalcates",CONECTADO,15/2/2020,6,2,19.393019,-99.055637,"19.393019,-99.055637"
26,BAMBU,Iztapalapa,BAMBU,CONECTADO,PRÓXIMA,2,1,19.340415,-99.005283,"19.340415,-99.005283"
27,COOPEREMOS PUEBLO,Iztapalapa,"Centro Comunitario Cooperamos Pueblo, Iztapalapa Cuitláhuac, Pueblo Santa Cruz Meyehualco",CONECTADO,21/3/2019,2,0,19.341289,-99.040762,"19.341289,-99.040762"
28,SAN BERNABE (PARCELA),Magdalena Contreras,"Centro de Integración Juvenil, Calle Parcela S/N, Col. Lomas de San Bernabé (100 M2)",CONECTADO,PRÓXIMA,2,1,19.310505,-99.26487,"19.310505,-99.26487"
29,LA MALINCHE,Magdalena Contreras,"Rosa China No.11, La Malinche",CONECTADO,9/11/2019,3,0,19.323069,-99.239324,"19.323069,-99.239324"
30,XICOMULCO,Milpa Alta,"Estación De Policía Cdmx ""San Bartolomé Xicomulco"", 5 de Mayo y Benito Juárez, Colonia San Bartolomé Xicomulco",CONECTADO,7/9/2019,2,0,19.206875,-99.0711861,"19.206875,-99.0711861"
31,PAULO FREIRE,Tláhuac,"PILARES Santa Cruz, calle sta. Cruz No.127, col. Arboledas",CONECTADO,7/8/2019,2,0,19.2835917,-99.0118667,"19.2835917,-99.0118667"
32,ESCUELA PARA LA VIDA,Tláhuac,"Escuela para la Vida, SEDE San Juan Ixtayopan, lazaro cardenas 10, col la asunción.",CONECTADO,PRÓXIMA,2,0,19.244205,-98.994686,"19.244205,-98.994686"
33,DIF AJUSCO,Tlalpan,"DIF Ajusco, Carretera México al Ajusco No.642, San Miguel Ajusco",CONECTADO,PENDIENTE,4,1,19.229712,-99.195181,"19.229712,-99.195181"
34,VIADUCTO,Venustiano Carranza,"Deportivo Miguel Alemán, Viaducto Rio de la Piedad s/N, Esq. Eje 3 OTE, Col. Jardín Balbuena",CONECTADO,18/2/2020,1,1,19.407176,-99.113285,"19.407176,-99.113285"
35,TLAXIALTEMALCO,Xochimilco,"ACUEDUCTO ESQUINA CALVARIO COLONIA PUEBLO DE SAN LUIS TLAXIALTEMALCO, C.P. 16610",CONECTADO,PRÓXIMA,3,1,19.255875,-99.035707,"19.255875,-99.035707"
36,SAN LUCAS XOCHIMANCA,Xochimilco,"SECOI San Lucas Xochimanca, (99 M2 DE READECUACIÓN + OE INDEPORTE)",CONECTADO,28/5/2019,2,1,19.245058,-99.114144,"19.245058,-99.114144"
37,SANTIAGO TEPALCATLALPAN,Xochimilco,"Centro Cultural Santiago Tepalcatlalpan,Calle Camino a las Canteras No.25, Col. Santiago Tepalcatlapan (SOLO CIBERESCUELA 81.25 M2)",CONECTADO,28/5/2019,2,0,19.247969,-99.127547,"19.247969,-99.127547"
38,ACUEXCOMATL,Xochimilco,"Parque Acuexcomatl, Año de juárez 1900, Col. San Luis Tlalxialtemalco",CONECTADO,PRÓXIMA,3,1,19.261002,-99.028635,"19.261002,-99.028635"
39,TACUBA,Miguel Hidalgo,"Bajo Puente, Calz. México Tacuba y Av. Aquiles Serdán, Col. Tacuba, Alcaldía Miguel Hidalgo (900 M2)",CONECTADO,PRÓXIMA,2,1,19.460152,-99.190005,"19.460152,-99.190005"
40,DIF ADOLFO LOPEZ MATEOS,Venustiano Carranza,"Calle Fernando Roman Lugo, Venustiano s/n, Adolfo Lopez Mateos, Venustiano Carranza, 15670 Ciudad de México",CONECTADO,PRÓXIMA,2,0,19.4211424,-99.0732566,"19.4211424,-99.0732566"
41,CENDI CASAS ALEMÁN,Gustavo A. Madero,"Pto. Tampico 149, Casas Alemán, GAM, 07580, CDMX",CONECTADO,PRÓXIMA,1,1,19.4372977,-99.1425357,"19.4372977,-99.1425357"
42,CENDI TRES ESTRELLAS,Gustavo A. Madero,"Av. Tesoro 3025, Tres Estrellas, GAM, 07820, CDMX",CONECTADO,PRÓXIMA,2,1,19.4713525,-99.1108762,"19.4713525,-99.1108762"
43,ALÍ CHUMASERO,Gustavo A. Madero,"Biblioteca Pública Alí Chumasero, Plan de San Luis, La Purísima Ticoman, Gustavo A. Madero, 07320 Ciudad de México",CONECTADO,PRÓXIMA,3,2,19.512242,-99.13989,"19.512242,-99.13989"
44,ANA BOLENA,Tláhuac,"Calle Ana Bolena S/N, Col. Agricola Metropolitana (604.27 M2)",CONECTADO,PRÓXIMA,3,1,19.291943,-99.054019,"19.291943,-99.054019"
45,EL MOLINO TEZONCO,Tláhuac,"Av. Cuauhtémoc 20, El Molino Tezonco, Iztapalapa, 09960 Ciudad de México, CDMX, México",CONECTADO,PRÓXIMA,4,1,19.294874,-99.0737936,"19.294874,-99.0737936"
46,CASAS ALEMÁN,Gustavo A. Madero,"Predio Baldio, Av. Gran Canal de Desagûe S/N, Col. Casas Alemán",CONECTADO,PRÓXIMA,4,2,19.478371,-99.089908,"19.478371,-99.089908"
47,BOSQUES,Tlalpan,"Ciberescuela Bosques (terreno colindante), calle Sauce y Sabino",CONECTADO,PRÓXIMA,2,1,19.2713222,-99.2393052,"19.2713222,-99.2393052"
48,ISIDRO FABELA,Álvaro Obregón,"Antigua Via La Venta Esquina con Mondovies  colonia isidro fabela. 
Centro Social Isidro Fabela (750 M2 TERRENO)",CONECTADO,3/8/2019,2,1,19.3859,-99.2088389,"19.3859,-99.2088389"
49,OLIVAR DEL CONDE,Álvaro Obregón,"Calle 20, Olivar del Conde 1ra Secc, Álvaro Obregón, 01400 Ciudad de México, CDMX",CONECTADO,30/1/2020,2,1,19.373917,-99.204622,"19.373917,-99.204622"
50,GOMEZ FARIAS,Álvaro Obregón,Estación de policía Gomez Farías,CONECTADO,PRÓXIMA,1,0,19.380283,-99.24959,"19.380283,-99.24959"
51,CHAMONTOYA,Álvaro Obregón,azucena l-20. Col lomas de chamontoya,CONECTADO,PRÓXIMA,4,0,19.318208,-99.267811,"19.318208,-99.267811"
52,LAS AGUILAS,Álvaro Obregón,"Fraccion de terreno ubicada en Prolongación Barranca del Muerto s/n, Col. Las Aguilas, Seccion Hornos",CONECTADO,PRÓXIMA,2,1,19.37282,-99.213773,"19.37282,-99.213773"
53,EL CAPULÍN,Álvaro Obregón,"Artificios s/n, Col.El CapulínCentro de Artes y Oficios El Capulín, Álvaro Obregón",CONECTADO,8/2/2019,2,0,19.395614,-99.212233,"19.395614,-99.212233"
54,COLTONGO,Azcapotzalco,Deportivo y Módulo Coltongo (400 m2),CONECTADO,1/3/2020,3,1,19.481723,-99.153285,"19.481723,-99.153285"
55,MARGARITA MAZA DE JUÁREZ,Azcapotzalco,"CDC Margarita Maza de Juárez Amuzgos esquina Totonacas, Col.Nueva Tezozómoc 700 M2",CONECTADO,30/4/2019,2,2,19.490415,-99.199114,"19.490415,-99.199114"
56,XALLI,Azcapotzalco,"Centro de Desarrollo Comunitario Xalli, Azcapotzalco Chopo esquina Aretillo, Col. Arenal",CONECTADO,3/2/2019,3,0,19.464228,-99.151944,"19.464228,-99.151944"
57,MUNICIPIO LIBRE,Benito Juárez,"Estación De Policía Cdmx ""Municipio Libre"", Municipio Libre Y Calzada De Tlalpan, Colonia Portales Norte, 130 M2",CONECTADO,31/8/2019,1,0,19.3679694,-99.141575,"19.3679694,-99.141575"
58,EL RELOJ,Coyoacán,"Parque El Reloj, Calle Corola sin número, Colonia El Reloj, Alcaldía Coyoacán.",CONECTADO,PRÓXIMA,3,1,19.317488,-99.141059,"19.317488,-99.141059"
59,SANTA ÚRSULA,Coyoacán,"Centro de Artes Santa Úrsula, Calle San Isauro  mza 940, lote 01 (2500 M2/NIVEL) 3 NIVELES",CONECTADO,12/8/2019,2,1,19.3098583,-99.1571306,"19.3098583,-99.1571306"
60,ZENTLAPALT,Cuajimalpa de Morelos,"Puerto escondido 8, Col. Zetlapatl",CONECTADO,PRÓXIMA,3,0,19.355356,-99.309509,"19.355356,-99.309509"
61,ZONA ROSA,Cuauhtémoc,"CENDI Insurgentes, (293.63m2 Rehabilitación)",CONECTADO,PRÓXIMA,1,0,19.424677,-99165484.0,
62,CHABACANO,Cuauhtémoc,"Estación De Policía Cdmx ""San Antonio Abad"", Eje 3 SUR Esq.San Antonio Abad,  Col. Algarín, Cuauhtémoc",CONECTADO,29/1/2020,2,0,19.407965,-99.136122,"19.407965,-99.136122"
63,SEPI,Cuauhtémoc,"Callejon d ela Igualdad 19, Col Centro, Alcaldía Cuauhtémoc",CONECTADO,PRÓXIMA,2,0,19.2911028,-99.0092678,"19.2911028,-99.0092678"
64,SEDUVI,Cuauhtémoc,"Monterrey 206, Col.Roma",CONECTADO,PRÓXIMA,2,1,19.412953,-99.1627416,"19.412953,-99.1627416"
65,TOLNÁHUAC,Cuauhtémoc,"Centro Comunitario San Simón, Cuauhtémoc Avenida Insurgentes Norte s/n esquina Eje 1 Poniente, Col. San Simón Tolnáhuac",CONECTADO,1/3/2019,2,0,19.461433,-9914375.0,
66,CIEN METROS,Gustavo A. Madero,"Estación De Policía Cdmx “Cien Metros”, Av. Cien Metros y Anillo Periférico, Colonia San José de la Escalera",CONECTADO,PRÓXIMA,2,0,19.526566,-99.158889,"19.526566,-99.158889"
67,MAGDALENA DE LAS SALINAS,Gustavo A. Madero,"PTE 114, Esq. NTE 13, Col. Magdalena de la Salinas",CONECTADO,15/1/2020,3,1,19.478502,-99.14573,"19.478502,-99.14573"
68,LA MUELA,Gustavo A. Madero,"Emilio Carranza sin número, Colonia Zona Escolar Oriente, Alcaldía Gustavo A. Madero. Deportivo La Muela, (OBRA NUEVA 1200 M2)",CONECTADO,PRÓXIMA,1,3,19.532677,-99.143968,"19.532677,-99.143968"
69,PLUTARCO ELÍAS CALLES,Iztacalco,"Estación De Policía Cdmx ""Plutarco Elias Calles"", Iztacalco",CONECTADO,PRÓXIMA,1,0,19.3983024,-99.1139967,"19.3983024,-99.1139967"
70,JOSÉ MARTÍ,Iztacalco,"Centro Cibernético José Martí, Iztacalco San Miguel esquina Benito Juárez, Barrio La Asunción",CONECTADO,22/2/2019,2,0,19.39048,-99.121215,"19.39048,-99.121215"
71,RENOVACIÓN,Iztapalapa,"Módulo de Seguridad y Participación Ciudadana, Av. 9 Esq. 4 Col. Renovación (148 m2)",CONECTADO,PRÓXIMA,3,0,19.3694528,-99.0469889,"19.3694528,-99.0469889"
72,YAUTLICA,Iztapalapa,"YAUTLICA
Centro de Educación Ambiental, Avenida de las Torres s/n, Col. Zona Rústica (330.62 m2)",CONECTADO,PRÓXIMA,4,1,19.333532,-98.984321,"19.333532,-98.984321"
73,CERRO AZUL,Iztapalapa,"Estación De Policía Cdmx ""Cerro Azul"", Calle Cerro Azul Manzana 95-C, Lote 4, Colonia Buenavista 550 M2",CONECTADO,PRÓXIMA,3,1,19.326091,-99.02777,"19.326091,-99.02777"
74,ADOLFO LOPEZ MATEOS,Iztapalapa,"Centro Comunitario Adolfo López Mateos, Calle 55 sin número esquina Avenida 10 (553 m2)",CONECTADO,PRÓXIMA,5,1,19.348739,-99.04458,"19.348739,-99.04458"
75,ESCUADRON 201,Iztapalapa,"Estación De Policía Cdmx ""Escuadrón 201"", Circuito Interior Río Churubusco y Eje 3 oriente, Colonia Escuadrón 201",CONECTADO,PRÓXIMA,2,0,19.370111,-99.107905,"19.370111,-99.107905"
76,EMILIO ROSAS,Iztapalapa,"Estación De Policía Cdmx ""Emilio Rosas"", Calle 2 , Emilio RosasLote 38 Manzana 14, Supermanzana 6, Col. Vicente Guerrero , Alcaldía Iztapalapa",CONECTADO,PRÓXIMA,3,0,19.352747,-99.056347,"19.352747,-99.056347"
77,LOMAS DE ZARAGOZA,Iztapalapa,"Estación De Policía Cdmx ""Lomas de Zaragoza"", Alcaldía Iztapalapa",CONECTADO,PRÓXIMA,2,0,19.358423,-98.999942,"19.358423,-98.999942"
78,SAN MIGUEL TEOTONGO,Iztapalapa,"Casa de la Cultura San Miguel Teotongo, Av. Del Paraiso San Miguel Teotongo sección corrales",CONECTADO,24/8/2019,3,0,19.340483,-98.992478,"19.340483,-98.992478"
79,TETECÓN,Iztapalapa,"Centro Social Tetecon, Pinos, Buenavista, capulines s/n col buena vista",CONECTADO,1/10/2019,2,1,19.322458,-99.029068,"19.322458,-99.029068"
80,CARLOTA BOTEY,Iztapalapa,"Centro Comunitario Carlota Botey, Calle Verbena S/N, Col. Los Ángeles",CONECTADO,PRÓXIMA,2,2,19.340985,-99.066251,"19.340985,-99.066251"
81,ACAHUALTEPEC,Iztapalapa,"Centro Cultural Acalhuatepec, Iztapalapa Calle Oro s/n, Col.Santiago Acalhuatepec Segunda Ampliación",CONECTADO,24/2/2019,3,0,19.346043,-99.008134,"19.346043,-99.008134"
82,GABRIELA MISTRAL,Iztapalapa,"Centro de Desarrollo Gabriela Mistral, Iztapalapa Sur 27,  Col. Leyes de Reforma Primera Sección",CONECTADO,24/2/2019,2,0,19.35998,-99.068819,"19.35998,-99.068819"
83,CENTRAL DE ABASTO,Iztapalapa,"Centro de Apoyo al Menor Trabajador de la CEDA, Iztapalapa Toltecas Prolongación, Central de Abasto",CONECTADO,21/3/2019,2,0,19.373836,-99.099146,"19.373836,-99.099146"
84,TIERRA Y LIBERTAD,Iztapalapa,"Centro Comunitario Tierra y Libertad, Enrique Rambal,Ampliación Emiliano Zapata, (603*2 NIVELES M2 OBRA NUEVA)",CONECTADO,PRÓXIMA,7,1,19.338699,-98.978851,"19.338699,-98.978851"
85,CANEGUÍN,Miguel Hidalgo,"Lago de Caneguín s/n, Col. Argentina Antigua, Alcaldía Miguel Hidalgo  ( 382 M2 CONSTRUCCIÓN , 199.85 M2)",CONECTADO,27/7/2019,2,1,19.454707,-99.205167,"19.454707,-99.205167"
86,ATOCPAN,Milpa Alta,"Estación De Policía Cdmx ""San Pedro Atocpan"", Calle Atzayacatl y Guadalupe Victoria, San Pedro Atocpan",CONECTADO,7/9/2019,2,0,19.2027167,-99.0520528,"19.2027167,-99.0520528"
87,CUAUHTENCO,Milpa Alta,"CAIA, Milpa Alta  Emiliano Zapata esquina Callejón Aldama, Col.San Salvador Cuautenco",CONECTADO,SIN FECHA,2,0,19.193876,-99.091524,"19.193876,-99.091524"
88,MIXQUIC,Tláhuac,"Estación De Policía Cdmx ""Santa Cruz Mixquic"", Carretera Federal México-Chalco Esquina Calle Río Ameca, Colonia Santa Cruz Mixquic, 160 M2",CONECTADO,PRÓXIMA,2,0,19.22628,-98.952682,"19.22628,-98.952682"
89,TLALTENCO,Tláhuac,Estación de policía Tlaltenco.,CONECTADO,PRÓXIMA,2,1,19.2911028,-99.0092678,"19.2911028,-99.0092678"
90,LA NOPALERA,Tláhuac,"Centro Comunitario La Nopalera, Angelica Paulet S/N, Col. La Nopalera, Tlahuac, C.P. 13250",CONECTADO,PENDIENTE,1,0,19.2664247,-99.0550277,"19.2664247,-99.0550277"
91,GARCÍA LORCA,Tláhuac,"Centro de Desarrollo Zapotitla, Tláhuac Cecilio Acosta, Col.San Miguel Zapotitla",CONECTADO,6/3/2019,2,0,19.31159,-99.036944,"19.31159,-99.036944"
92,ROSARIO CASTELLANOS,Tláhuac,"Casa de Cultura Rosario Castellanos, Tláhuac Av Tláhuac  Esquina Sonido 13, Col.Santa Cecilia",CONECTADO,6/3/2019,2,0,19.278319,-99.007967,"19.278319,-99.007967"
93,LA JOYA,Tlalpan,Estación de policía la joya.,CONECTADO,PRÓXIMA,2,0,19.27879,-99.167388,"19.27879,-99.167388"
94,CHICHICASPALT,Tlalpan,"""Cichicaspatl"" Avenida Ferrocarril de Cuernavaca N°50 (Ciberescuela), Chancenote y Rancho Viejo (CEDIC); Col.Chichicaspatl",CONECTADO,PRÓXIMA,2,1,19.277821,-99.24,"19.277821,-99.24"
95,TOPILEJO,Tlalpan,"lote baldío. Calle independencia s/n, col. San Miguel Topilejo, 355.54 m2 * 2 NIVELES",CONECTADO,PRÓXIMA,5,1,19.198853,-99.14127,"19.198853,-99.14127"
96,FRAY SERVANDO,Venustiano Carranza,"Estación De Policía Cdmx ""Fray Servando"", Eje tres Oriente Francisco del Paso y Troncoso y Av. Fray Servando Teresa de Mier S/N, Col. Jardín Balbuena",CONECTADO,PRÓXIMA,2,0,19.419694,-99.111491,"19.419694,-99.111491"
97,SANTA CECILIA TEPETLAPA,Xochimilco,"Casa de la Cultura Santa Cecilia , CALLE FRANCISCO SARAVÍA EQU. PROGRESO (263 M2)",CONECTADO,6/7/2019,1,1,19.21602,-99.099274,"19.21602,-99.099274"
98,TEPEPAN,Xochimilco,"Estación De Policía Cdmx ""16 de Septiembre"", Cruce de Anillo Periférico Sur y 16 de Septiembre",CONECTADO,12/9/2019,1,1,19.280978,-99.137471,"19.280978,-99.137471"
99,TULYEHUALCO,Xochimilco,"SECOI Santiago Tulyehualco, Xochimilco Pino Suárez s/n, Col.Calyecac (Tuyehualco)",CONECTADO,6/3/2019,2,0,19.254388,-99.011498,"19.254388,-99.011498"
100,SAN FRANCISCO,Xochimilco,"Centro de Desarrollo San Francisco, Xochimilco Prolongación 16 de Septiembre s/n, Pueblo San Francisco Tlalnepantla",CONECTADO,6/3/2019,2,0,19.203271,-99.129225,"19.203271,-99.129225"
101,AHUALAPA,Xochimilco,"SECOI Ahualapa, (DEMOLICIÓN Y CONSTRUCCIÓN DE 800 M2 EN DOS NIVELES)",CONECTADO,PRÓXIMA,2,1,19.246294,-99.070251,"19.246294,-99.070251"
102,HERRERIA,Milpa Alta,"DEPORTIVO HERRERÍA, CALLE TABASCO  OTE S/N, COL. SANTA CRUZ",CONECTADO,PRÓXIMA,3,0,19.193473,-99.01894,"19.193473,-99.01894"
103,TEPITO MORELOS,Cuauhtémoc,"Parque la equidad Jesús Carranza, Lote baldío, Jesús Carranza, Tepito Morelos",CONECTADO,14/11/2020,2,1,19.444183,-99.130603,"19.444183,-99.130603"
104,CUCHILLA DEL TESORO,Venustiano Carranza,"Nte. 1, Cuchilla del Tesoro, Gustavo A. Madero, 07900 Ciudad de México, CDMX",CONECTADO,PRÓXIMA,3,2,19.4485466,-99.0548749,"19.4485466,-99.0548749"
105,REPÚBLICA,Iztapalapa,Avenida República Federal Sur S/N esquina Calzada Ignacio Zaragoza (1200 ),CONECTADO,PRÓXIMA,5,1,19.371889,-99.016327,"19.371889,-99.016327"
106,VASCO DE QUIROGA,Gustavo A. Madero,"Camellón Eje 3 OTE Ing. Eduardo Molina Enríquez, Col. Vasco de Quiroga, 1150 m2, 650 m2 de Construcción",CONECTADO,PRÓXIMA,4,1,19.496292,-99.0929588,"19.496292,-99.0929588"
107,LA CONCHITA,Álvaro Obregón,"Centro Social La Conchita, Álvaro Obregón   1° de Noviembre, Col.La Conchita  (1098.27 m2 DEMOLICIÓN Y OBRA NUEVA)",CONECTADO,PRÓXIMA,4,1,19.3923704,-99.2156813,"19.3923704,-99.2156813"
108,SANTA FE,Álvaro Obregón,"Corregidora S/N Centro Social Santa Fe PUEBLO SANTA FE  (558 M,2 READECUACIÓN)",CONECTADO,3/8/2019,2,1,19.3827278,-99.2404056,"19.3827278,-99.2404056"
109,LOMAS DE LA ERA,Álvaro Obregón,"Andador 29 de octubre y Alcanfores, Colonia Lomas de la Era, Alcaldía Álvaro Obregón. (250m2)",CONECTADO,3/8/2019,2,1,19.3257083,-99.2593028,"19.3257083,-99.2593028"
110,PRESIDENTES,Álvaro Obregón,Adolfo de la Huerta s/n Centro Social Presidientes (1174 M2),CONECTADO,29/9/2019,3,2,19.377159,-99.221317,"19.377159,-99.221317"
111,RIO SAN BORJA,Álvaro Obregón,Av. Rio San Borja entre calle 23 y Dolores del Rio,CONECTADO,PRÓXIMA,2,1,192232.5,991259.3,
112,SAN PEDRO XALPA,Azcapotzalco,"Centro Comunitario San Pedro Xalpa, Avenida Hidalgo número 15, Colonia San Pedro Xalpa, Alcaldía Azcapotzalco.(300M2)",CONECTADO,PRÓXIMA,1,0,19.484164,-99.209592,"19.484164,-99.209592"
113,XOCHINAHUAC,Azcapotzalco,"Estación De Policía Cdmx ""Xochinahuac”, Avenida Benito Juárez Esquina Francisco Márquez, Colonia San Martín Xochinahuac, 100 M2",CONECTADO,22/9/2019,1,0,19.509796,-99.18934,"19.509796,-99.18934"
114,PORTALES,Benito Juárez,"Fraccion bajo puente ubicada en eje 7a sur , Av. General Emiliano Zapata, cruce con calzada de tlalpan, colonia los portales",CONECTADO,PRÓXIMA,2,2,19.364405,-99.143506,"19.364405,-99.143506"
115,TAXQUEÑA,Coyoacán,Estación de Policía Taxqueña,CONECTADO,PRÓXIMA,4,1,19.341858,-99.143601,"19.341858,-99.143601"
116,LA ESCUELITA DE COYOACÁN,Coyoacán,"la escuelita de Coyoacán, Zapatistas, Col. Santo Domingo…",CONECTADO,PRÓXIMA,1,1,19.325916,-99.164899,"19.325916,-99.164899"
117,EMILIANO ZAPATA,Coyoacán,"Centro de Vinculación para Personas con Discapacidad ""Emiliano Zapata"", Coyoacán
José María Morelos N°40 esquina Pedro Arvizu, Col. Emiliano Zapata",CONECTADO,29/3/2019,2,0,19.326933,-99138056.0,
118,BENITO JUAREZ (CHAMIXTO),Cuajimalpa de Morelos,"Centro de Desarrollo Benito Juárez (1138 M2 READECUACIÓN)
Calle Chamixto s/n. Col. Lomas del Padre, Cuajimalpa",CONECTADO,14/11/2019,1,2,19.348254,-99.309431,"19.348254,-99.309431"
119,SAN PABLO CHIMALPA,Cuajimalpa de Morelos,"Centro de Desarrollo Chimalpa, Cuajimalpa de Morelos, Porfirio Díaz, Col.San Pablo Chimalpa",CONECTADO,15/2/2019,2,0,19.353062,-99.317566,"19.353062,-99.317566"
120,RIO TIBER,Cuauhtémoc,"Estación De Policía Cdmx ""Río Tiber"",Circuito Interior Melchor Ocampo y Río Tiber, Colonia Cuauhtémoc",CONECTADO,PRÓXIMA,2,0,19.432818,-99.170648,"19.432818,-99.170648"
121,PERÚ 88,Cuauhtémoc,Peru 88 FCHCM,CONECTADO,PRÓXIMA,6,0,19.439844,-99.134334,"19.439844,-99.134334"
122,FRIDA KAHLO,Cuauhtémoc,"Centro Comunitario Frida Kahlo, Cuauhtémoc Eje Central Lázaro Cárdenas s/n esquina calle Juan A. Mateos, Col.Obrera",CONECTADO,1/3/2019,2,0,19.4106,-99144.0,
123,NUEVA ATZACOALCO,Gustavo A. Madero,"AVENIDA 314 ENTRE LAS CALLES 315 Y 317 COLONIA NUEVA ATZACOALCO, C.P. 07420",CONECTADO,PRÓXIMA,2,0,19.500773,-99.084833,"19.500773,-99.084833"
124,CENTENARIO,Gustavo A. Madero,"Estación De Policía Cdmx “Centenario”, Centenario y Anillo Periférico Rio de los Remedios, Colonia Juan González Romero",CONECTADO,2/9/2019,2,0,19.5091056,-99.0906167,"19.5091056,-99.0906167"
125,BENEMÉRITO DE LAS AMÉRICAS,Gustavo A. Madero,"Benito Juárez, Calle Vicente Riva Palacios  Esq. Melchor Ocampo, Col. Benito Juárez",CONECTADO,PRÓXIMA,3,1,19.535054,-99.138472,"19.535054,-99.138472"
126,BENITA GALEANA,Gustavo A. Madero,"Casa de Cultura Benita Galeana, Gustavo A. Madero Gran Canal de Desagüe, Col. Nueva Tenochtitlán",CONECTADO,17/2/2019,2,0,19.455286,-99.100512,"19.455286,-99.100512"
127,TLALPEXCO,Gustavo A. Madero,"Centro Comunitario  Tlalpexco, Calle De Camino Real / Sauces, Tlalpexco, Cuautepec Barrio Alto",CONECTADO,17/2/2019,2,0,19.544812,-99.125766,"19.544812,-99.125766"
128,ZAPATA VELA,Iztacalco,"Deportivo Zapata Vela, (512 M2 DE REHABILITACIÓN)",CONECTADO,27/6/2019,1,0,19.38224,-99.096726,"19.38224,-99.096726"
129,ROJO GÓMEZ,Iztacalco,"Estación De Policía Cdmx “Javier Rojo Gómez”, Eje 5 Oriente Javier Rojo Gómez y Calzada Ignacio Zaragoza, Colonia Agrícla Oriental",CONECTADO,8/9/2019,1,0,19.404725,-99.0709694,"19.404725,-99.0709694"
130,LA FORTALEZA,Iztacalco,"Centro Social y Cultural La Fortaleza, calle ote 116 y calle puente de san juan, (770 M2 DE REHABILITACIÓN)",CONECTADO,SIN FECHA,2,0,19.387699,-99.091602,"19.387699,-99.091602"
131,REFORMA IZTLACIHUATL,Iztacalco,"Estación De Policía Cdmx ""Reforma Iztlacihuatl"", Iztacalco",CONECTADO,PRÓXIMA,1,1,19.386334,-99.1326513,"19.386334,-99.1326513"
132,TEZONTLE,Iztacalco,"Estación de Policía CDMX ""Tezontle"", Alcaldía Iztacalco",CONECTADO,PRÓXIMA,1,0,19.388294,-99.112528,"19.388294,-99.112528"
133,VILLA CID,Iztapalapa,"Centro Comunitario Villa Cid,  calle villa Cid S/N, Col. Desarrollo Urbano Quezalcoatl",CONECTADO,PRÓXIMA,2,0,19.321479,-99.042488,"19.321479,-99.042488"
134,NOGAL,Iztapalapa,"Estación De Policía Cdmx ""Nogal"", Calle Fresno y Nogal, Colonia Citlali,",CONECTADO,PRÓXIMA,2,1,19.341913,-99.022999,"19.341913,-99.022999"
135,PURISIMA,Iztapalapa,"Estación De Policía Cdmx ""Purísima"", Eje 5 Sur Purísima y Eje 3 Oriente Francisco del Paso y Troncoso, Colonia Purísima Atlazopal",CONECTADO,PRÓXIMA,1,0,19.379166,-99.109813,"19.379166,-99.109813"
136,PROGRESO SUR,Iztapalapa,"Estación De Policía Cdmx ""Progreso Sur"", Eje 3 Oriente Arneses y Calzada Ermita Iztapalapa, Colonia Progreso Sur,",CONECTADO,PRÓXIMA,2,0,19.356763,-99.113051,"19.356763,-99.113051"
137,FACUNDO CABRAL,Iztapalapa,"Centro Cultural Facundo Cabral, calle moctezuma s/n, col los reyes, (474.83 M2 DE REHABILITACIÓN)",CONECTADO,24/5/2019,2,0,19.34347,-99.102391,"19.34347,-99.102391"
138,PALMITAS,Iztapalapa,"CENTRO SOCIAL PALMITAS, calle nativitas s/n esq. Calle margarita palmitas, Col.",CONECTADO,24/8/2019,2,0,19.3389556,-99.02585,"19.3389556,-99.02585"
139,ERMITA,Iztapalapa,"CDC La Ermita, Calz. Ignacio Zaragoza S/N, entre Andrés Quintanaroo y Loyula Ecatepec, Col. Unidad Habitacional Ermita Iztapalapa",CONECTADO,PRÓXIMA,2,0,19.364176,-99.002297,"19.364176,-99.002297"
140,VALLE DE LUCES,Iztapalapa,"Centro Comunitario Valle de Luces, Valle Del Paraíso 18, Valle De Luces",CONECTADO,PRÓXIMA,4,2,19.338014,-99.098174,"19.338014,-99.098174"
141,FORD,Iztapalapa,DIF LA FORD (750 m2) un nivel,CONECTADO,PENDIENTE,4,1,19.343803,-99.030843,"19.343803,-99.030843"
142,HUAYATLA,Magdalena Contreras,"Casa del Adulto Mayor, Magdalena Contreras Huayatla No. 13 esquina Guadalupe, Col.Pueblo Nuevo Alto",CONECTADO,16/3/2019,3,0,19.305281,-99.248611,"19.305281,-99.248611"
143,PENSIL,Miguel Hidalgo,"Faro del Saber  Morelos, Calle Lago Transimeno, entre lago Wetter y lago Erner",CONECTADO,17/1/2020,4,1,19.448865,-99.194416,"19.448865,-99.194416"
144,XALTIPAC,Milpa Alta,"Gimnasio Pepe El Toro , 5 DE MAYO S/N, COLONIA XALTIPAC (SOLO CIBERESCUELA)",CONECTADO,PRÓXIMA,1,0,19.2172528,-98.9890694,"19.2172528,-98.9890694"
145,MURCIELAGO,Tláhuac,"CALLE Murcielago Lt3, Esq. Deodato, Col. Agricola Metropilitana (201.48 m2)",CONECTADO,PRÓXIMA,1,1,19.291631,-99.049286,"19.291631,-99.049286"
146,MIGUEL HIDALGO,Tláhuac,"Centro Cibernético Miguel Hidalgo y Plaza Cívica, calle la Gioconda Lt. 1, Col. Miguel Hidalgo",CONECTADO,15/11/2019,2,0,19.292795,-99.046098,"19.292795,-99.046098"
147,COCODRILO,Tláhuac,"Escuela de básquetbol, calle cocodrilo 67, col. Los olivos, (OBRA DEMLICIÓN Y OBRA NUEVA)",CONECTADO,PRÓXIMA,10,1,19.30193,-99.059548,"19.30193,-99.059548"
148,CUCHILLA DE PADIERNA,Tlalpan,"La Cuchilla, Kinchil Mza. 13 Lte.6, Col. Cuchilla Padierna",CONECTADO,PRÓXIMA,3,0,19.276072,-99.216792,"19.276072,-99.216792"
149,ECOGUARDAS,Tlalpan,"Ecoguardas, Carretera Picacho Ajusco km 5.5",CONECTADO,31/7/2019,1,0,19.2710778,-99.2046278,"19.2710778,-99.2046278"
150,TIZIMÍN,Tlalpan,Estación de policía Tizimin,CONECTADO,31/7/2019,2,0,19.2895444,-99.2163361,"19.2895444,-99.2163361"
151,BELVEDERE,Tlalpan,"Bochil & Peloponeso, Belvedere, Tlalpan, 14720 Ciudad de México, CDMX",CONECTADO,PRÓXIMA,2,2,19.2673742,-99.2291582,"19.2673742,-99.2291582"
152,AV DEL TALLER,Venustiano Carranza,"Estación De Policía Cdmx ""Av. Del Taller"", Eje 3 OTE Av. Del paso y Troncoso y Avenida del Taller, Col. Jardín Balbuena",CONECTADO,PRÓXIMA,2,0,19.413715,-99.113186,"19.413715,-99.113186"
153,CANDELARIA DE LOS PATOS,Venustiano Carranza,Guarderia de los trabajadores de la Camara de Diputados,CONECTADO,PRÓXIMA,2,1,19.4317868,-99.1199081,"19.4317868,-99.1199081"
154,SAN GREGORIO ATLAPULCO,Xochimilco,"Casa de la Tercera Edad San Gregorio Atlapulco, (READECUACIÓN DE 368 M2), entre calles Agustín Melgar y Prolongación Agustín Melgar",CONECTADO,26/4/2019,2,1,19.256244,-99.060777,"19.256244,-99.060777"
155,BUENAVISTA,Cuauhtémoc,"Parque Abasolo, Eje 1 Poniente Guerrero sin número, entre Estrella y Luna, Colonia Buenavista, Alcaldía Cuauhtémoc",CONECTADO,PRÓXIMA,2,1,19.449585,-99.147484,"19.449585,-99.147484"
156,CIGAMEC,Gustavo A. Madero,"CIGAMEC, Av Leon de los Aldama & Otumba, San Felipe de Jesús, Ciudad de México, CDMX, México, (1034 M2 DE READECUACIÓN)",CONECTADO,PRÓXIMA,5,1,19.500566,-99.074405,"19.500566,-99.074405"
157,COLOSIO,Iztapalapa,"Centro Comunitario Colosio, Lázaro Cárdenas, Ixtlahuacán (819 M2)",CONECTADO,PRÓXIMA,5,0,19.342305,-98.996397,"19.342305,-98.996397"
158,8 DE AGOSTO,Benito Juárez,"Estacionamiento del Centro Social 8 de Agosto, Calle Becerra sin número, Colonia 8 de agosto, Alcaldía Benito Juárez. (300 M2 DE TERRENO)",CONECTADO,PRÓXIMA,4,0,19.39549,-99.187888,"19.39549,-99.187888"
159,MOCTEZUMA,Venustiano Carranza,"Deportivo Pelón Osuna, Norte 21 s/n, Col. Moctezuma (1400 M2)",CONECTADO,PRÓXIMA,4,2,19.428014,-99.1011053,"19.428014,-99.1011053"
160,TOKYO,Gustavo A. Madero,"Parque Tokio S/N Esq. Cerrada de San Ángel, Col.Malacates",CONECTADO,PRÓXIMA,2,1,19.576577,-99.1370987,"19.576577,-99.1370987"
161,SAN JUAN DE ARAGÓN,Gustavo A. Madero,"Eje 3 NTE, Av.608 S/N, esq. 2 av. 565, Col. San Juan de Aragón",CONECTADO,PRÓXIMA,2,2,19.4572704,-99.0830396,"19.4572704,-99.0830396"
162,GERTRUDIS SANCHEZ,Gustavo A. Madero,"Av. Henry Ford 82-B, Gertrudis Sánchez II Secc, Gustavo A. Madero, 07839 Ciudad de México, CDMX",CONECTADO,PRÓXIMA,2,0,19.464174,-99.1013549,"19.464174,-99.1013549"
163,CALHUACATZINGO (SALINAS),Azcapotzalco,"Predio de las Salinas, Calle Calhuacatzingo S/N, Col. Salinas  (166.76m2) DEMOLICIÓN Y CONSTRUCCIÓN",CONECTADO,PRÓXIMA,4,0,19.489081,-99.166313,"19.489081,-99.166313"
